Abbott's Babbler,Malacocincla abbotti,abbottsbabblermalacocinclaabbotti
Alexandrine Parakeet,Psittacula eupatria,alexandrineparakeetpsittaculaeupatria
Alpine Accentor,Prunella collaris,alpineaccentorprunellacollaris
Alpine Swift,Tachymarptis melba,alpineswifttachymarptismelba
Altai Accentor,Prunella himalayana,altaiaccentorprunellahimalayana
Amur Falcon,Falco amurensis,amurfalconfalcoamurensis
Andaman Barn Owl,Tyto deroepstroffi,andamanbarnowltytoderoepstroffi
Andaman Bulbul,Pynconotus fuscoflavescens,andamanbulbulpynconotusfuscoflavescens
Andaman Coucal,Centropus (sinensis) andamanensis,andamancoucalcentropus(sinensis)andamanensis
Andaman Crake,Rallina canningi,andamancrakerallinacanningi
Andaman Cuckoo-dove,Macropygia rufipennis,andamancuckoodovemacropygiarufipennis
Andaman Cuckooshrike,Coracina dobsoni,andamancuckooshrikecoracinadobsoni
Andaman Drongo,Dicrurus andamanensis,andamandrongodicrurusandamanensis
Andaman Flowerpecker,Dicaeum virescens,andamanflowerpeckerdicaeumvirescens
Andaman Green-pigeon,Treron chloropterus,andamangreenpigeontreronchloropterus
Andaman Hawk-owl,Ninox affinis,andamanhawkowlninoxaffinis
Andaman Nightjar,Caprimulgus andamanicus,andamannightjarcaprimulgusandamanicus
Andaman Scops-Owl,Otus balli,andamanscopsowlotusballi
Andaman Serpent-eagle,Spilornis elgini,andamanserpenteaglespilorniselgini
Andaman Shama,Copsychus albiventris,andamanshamacopsychusalbiventris
Andaman Teal,Anas albogularis,andamantealanasalbogularis
Andaman Treepie,Dendrocitta bayleyi,andamantreepiedendrocittabayleyi
Andaman White-headed Starling,Sturnia erythropygia,andamanwhiteheadedstarlingsturniaerythropygia
Andaman Woodpecker,Dryocopus hodgei,andamanwoodpeckerdryocopushodgei
Andaman Woodpigeon,Columba palumboides,andamanwoodpigeoncolumbapalumboides
Ashy Bulbul,Hemixos flavala,ashybulbulhemixosflavala
Ashy Drongo,Dicrurus leucophaeus,ashydrongodicrurusleucophaeus
Ashy Laughingthrush,Ianthocincla cineracea,ashylaughingthrushianthocinclacineracea
Ashy Minivet,Pericrocotus divaricatus,ashyminivetpericrocotusdivaricatus
Ashy Prinia,Prinia socialis,ashypriniapriniasocialis
Ashy Woodpigeon,Columba pulchricollis,ashywoodpigeoncolumbapulchricollis
Ashy Woodswallow,Artamus fuscus,ashywoodswallowartamusfuscus
Ashy-crowned Finch-lark,Eremopterix griseus,ashycrownedfinchlarkeremopterixgriseus
Ashy-headed Green-pigeon,Treron phayrei,ashyheadedgreenpigeontreronphayrei
Asian Barred Owlet,Glaucidium cuculoides,asianbarredowletglaucidiumcuculoides
Asian Brown Flycatcher,Muscicapa dauurica,asianbrownflycatchermuscicapadauurica
Asian Desert Warbler,Sylvia nana,asiandesertwarblersylvianana
Asian Dowitcher,Limnodromus semipalmatus,asiandowitcherlimnodromussemipalmatus
Asian Emerald Cuckoo,Chrysococcyx maculatus,asianemeraldcuckoochrysococcyxmaculatus
Asian Fairy Bluebird,Irene puella,asianfairybluebirdirenepuella
Asian Glossy Starling,Aplonis panayensis,asianglossystarlingaplonispanayensis
Asian House-martin,Delichon dasypus,asianhousemartindelichondasypus
Asian Koel,Eudynamys scolopaceus,asiankoeleudynamysscolopaceus
Asian Openbill,Anastomus oscitans,asianopenbillanastomusoscitans
Asian Palm-swift,Cypsiurus balasiensis,asianpalmswiftcypsiurusbalasiensis
Asian Paradise Flycatcher,Terpsiphone paradisi,asianparadiseflycatcherterpsiphoneparadisi
Asian Pied Starling,Gracupica contra,asianpiedstarlinggracupicacontra
Assam Laughingthrush,Trochalopteron chrysopterum,assamlaughingthrushtrochalopteronchrysopterum
Audubons Shearwater,Puffinus Iherminieri,audubonsshearwaterpuffinusiherminieri
Baer's Pochard,Aythya baeri,baerspochardaythyabaeri
Baikal Teal,Anas formosa,baikaltealanasformosa
Banded Bay Cuckoo,Cacomantis sonneratii,bandedbaycuckoocacomantissonneratii
Bank Myna,Acridotheres ginginianus,bankmynaacridotheresginginianus
Bar-headed Goose,Anser indicus,barheadedgooseanserindicus
Bar-tailed Godwit,Limosa lapponica,bartailedgodwitlimosalapponica
Bar-tailed Treecreeper,Certhia himalayana,bartailedtreecreepercerthiahimalayana
Bar-throated Minla,Minla strigula,barthroatedminlaminlastrigula
Bar-winged Wren-babbler,Spelaeornis troglodytoides,barwingedwrenbabblerspelaeornistroglodytoides
Barn Swallow,Hirundo rustica,barnswallowhirundorustica
Barred Buttonquail,Turnix suscitator,barredbuttonquailturnixsuscitator
Barred Cuckoo-dove,Macropygia unchall,barredcuckoodovemacropygiaunchall
Barred Warbler,Sylvia nisoria,barredwarblersylvianisoria
Bay Woodpecker,Blythipicus pyrrhotis,baywoodpeckerblythipicuspyrrhotis
Bay-backed Shrike,Lanius vittatus,baybackedshrikelaniusvittatus
Baya Weaver,Ploceus philippinus,bayaweaverploceusphilippinus
Beach Thick-knee,Esacus magnirostris,beachthickkneeesacusmagnirostris
Bean Goose,Anser fabalis,beangooseanserfabalis
Bearded Vulture,Gypaetus barbatus,beardedvulturegypaetusbarbatus
Beautiful Nuthatch,Sitta formosa,beautifulnuthatchsittaformosa
Beautiful Sibia,Heterophasia pulchella,beautifulsibiaheterophasiapulchella
Bengal Bushlark,Mirafra assamica,bengalbushlarkmirafraassamica
Bengal Florican,Houbaropsis bengalensis,bengalfloricanhoubaropsisbengalensis
Besra Sparrowhawk,Accipiter virgatus,besrasparrowhawkaccipitervirgatus
Bhutan Laughingthrush,Trochalopteron imbricatum,bhutanlaughingthrushtrochalopteronimbricatum
Bimaculated Lark,Melanocorypha bimaculata,bimaculatedlarkmelanocoryphabimaculata
Black Baza,Aviceda leuphotes,blackbazaavicedaleuphotes
Black Bittern,Dupetor flavicollis,blackbitterndupetorflavicollis
Black Drongo,Dicrurus macrocercus,blackdrongodicrurusmacrocercus
Black Eagle,Ictinaetus malayensis,blackeagleictinaetusmalayensis
Black Francolin,Francolinus francolinus,blackfrancolinfrancolinusfrancolinus
Black Ibis,Pseudibis papillosa,blackibispseudibispapillosa
Black Kite,Milvus migrans,blackkitemilvusmigrans
Black Noddy,Anous minutus ?,blacknoddyanousminutus?
Black Redstart,Phoenicurus ochruros,blackredstartphoenicurusochruros
Black Stork,Ciconia nigra,blackstorkciconianigra
Black and Orange Flycatcher,Ficedula nigrorufa,blackandorangeflycatcherficedulanigrorufa
Black and Yellow Grosbeak,Mycerobas icterioides,blackandyellowgrosbeakmycerobasicterioides
Black-backed Dwarf Kingfisher,Ceyx erithaca,blackbackeddwarfkingfisherceyxerithaca
Black-backed Forktail,Enicurus immaculatus,blackbackedforktailenicurusimmaculatus
Black-bellied Sandgrouse,Pterocles orientalis,blackbelliedsandgrousepteroclesorientalis
Black-bellied Storm-petrel,Fregetta tropica,blackbelliedstormpetrelfregettatropica
Black-bellied Tern,Sterna acuticauda,blackbelliedternsternaacuticauda
Black-breasted Parrotbill,Paradoxornis flavirostris,blackbreastedparrotbillparadoxornisflavirostris
Black-breasted Sunbird,Aethopyga saturata,blackbreastedsunbirdaethopygasaturata
Black-breasted Thrush,Turdus dissimilis,blackbreastedthrushturdusdissimilis
Black-breasted Weaver,Ploceus benghalensis,blackbreastedweaverploceusbenghalensis
Black-capped Kingfisher,Halcyon pileata,blackcappedkingfisherhalcyonpileata
Black-chinned Babbler,Stachyris pyrrhops,blackchinnedbabblerstachyrispyrrhops
Black-chinned Laughingthrush,Trochalopteron cachinnans,blackchinnedlaughingthrushtrochalopteroncachinnans
Black-chinned Yuhina,Yuhina nigrimenta,blackchinnedyuhinayuhinanigrimenta
Black-crested Bulbul,Pynconotus flaviventris,blackcrestedbulbulpynconotusflaviventris
Black-crowned Finch-lark,Eremopterix nigriceps,blackcrownedfinchlarkeremopterixnigriceps
Black-crowned Night-heron,Nycticorax nycticorax,blackcrownednightheronnycticoraxnycticorax
Black-eared Kite,Milvus (migrans) lineatus,blackearedkitemilvus(migrans)lineatus
Black-eared Shrike-babbler,Pteruthius melanotis,blackearedshrikebabblerpteruthiusmelanotis
Black-faced Bunting,Emberiza spodocephala,blackfacedbuntingemberizaspodocephala
Black-faced Laughingthrush,Trochalopteron affine,blackfacedlaughingthrushtrochalopteronaffine
Black-faced Warbler,Abroscopus schisticeps,blackfacedwarblerabroscopusschisticeps
Black-headed Bulbul,Pynconotus atriceps,blackheadedbulbulpynconotusatriceps
Black-headed Bunting,Emberiza melanocephala,blackheadedbuntingemberizamelanocephala
Black-headed Cuckooshrike,Coracina melanoptera,blackheadedcuckooshrikecoracinamelanoptera
Black-headed Greenfinch,Carduelis ambigua ?,blackheadedgreenfinchcarduelisambigua?
Black-headed Ibis,Threskiornis melanocephalus,blackheadedibisthreskiornismelanocephalus
Black-headed Jay G,arrulus lanceolatus,blackheadedjaygarruluslanceolatus
Black-headed Shrike-babbler,Pteruthius rufiventer,blackheadedshrikebabblerpteruthiusrufiventer
Black-hooded Oriole,Oriolus xanthornus,blackhoodedorioleoriolusxanthornus
Black-legged Kittiwake,Rissa tridactyla ?,blackleggedkittiwakerissatridactyla?
Black-lored Yellow Tit,Parus xanthogenys,blackloredyellowtitparusxanthogenys
Black-naped Blue Monarch,Hypothymis azurea,blacknapedbluemonarchhypothymisazurea
Black-naped Oriole,Oriolus chinensis,blacknapedorioleorioluschinensis
Black-naped Tern,Sterna sumatrana,blacknapedternsternasumatrana
Black-necked Crane,Grus nigricollis,blackneckedcranegrusnigricollis
Black-necked Grebe,Podiceps nigricollis,blackneckedgrebepodicepsnigricollis
Black-necked Stork,Ephippiorhynchus asiaticus,blackneckedstorkephippiorhynchusasiaticus
Black-necked Tailorbird,Orthotomus atrogularis,blackneckedtailorbirdorthotomusatrogularis
Black-rumped Flameback,Dinopium benghalense,blackrumpedflamebackdinopiumbenghalense
Black-spotted Yellow Tit,Parus spilonotus,blackspottedyellowtitparusspilonotus
Black-tailed Crake,Porzana bicolor,blacktailedcrakeporzanabicolor
Black-throated Accentor,Prunella atrogularis,blackthroatedaccentorprunellaatrogularis
Black-throated Diver,Gavia arctica,blackthroateddivergaviaarctica
Black-throated Munia,Lonchura kelaarti,blackthroatedmunialonchurakelaarti
Black-throated Parrotbill,Paradoxornis nipalensis,blackthroatedparrotbillparadoxornisnipalensis
Black-throated Prinia,Prinia atrogularis,blackthroatedpriniapriniaatrogularis
Black-throated Thrush,Turdus (ruficollis) atrogularis,blackthroatedthrushturdus(ruficollis)atrogularis
Black-winged Cuckooshrike,Coracina melaschistos,blackwingedcuckooshrikecoracinamelaschistos
Black-winged Kite,Elanus caeruleus,blackwingedkiteelanuscaeruleus
Black-winged Snowfinch,Montifringilla adamsi,blackwingedsnowfinchmontifringillaadamsi
Black-winged Stilt,Himantopus himantopus,blackwingedstilthimantopushimantopus
Blandford's Rosefinch,Carpodacus rubescens,blandfordsrosefinchcarpodacusrubescens
Blood Pheasant,Ithaginis cruentus,bloodpheasantithaginiscruentus
Blue Pitta,Pitta cyanea,bluepittapittacyanea
Blue Rock-thrush,Monticola solitarius,bluerockthrushmonticolasolitarius
Blue Whistling-thrush,Myophonus caeruleus,bluewhistlingthrushmyophonuscaeruleus
Blue-bearded Bee-eater,Nyctyornis athertoni,bluebeardedbeeeaternyctyornisathertoni
Blue-breasted Quail,Coturnix chinensis,bluebreastedquailcoturnixchinensis
Blue-capped Redstart,Phoenicurus coeruleocephala,bluecappedredstartphoenicuruscoeruleocephala
Blue-cheeked Bee-eater,Merops persicus,bluecheekedbeeeatermeropspersicus
Blue-eared Barbet,Megalaima australis,blueearedbarbetmegalaimaaustralis
Blue-eared Kingfisher,Alcedo meninting,blueearedkingfisheralcedomeninting
Blue-faced Malkoha,Phaenicophaeus viridirostris,bluefacedmalkohaphaenicophaeusviridirostris
Blue-fronted Blue Robin,Cinclidium frontale,bluefrontedbluerobincinclidiumfrontale
Blue-fronted Redstart,Phoenicurus frontalis,bluefrontedredstartphoenicurusfrontalis
Blue-headed Rock-thrush,Monticola cinclorhynchus,blueheadedrockthrushmonticolacinclorhynchus
Blue-naped Pitta,Pitta nipalensis,bluenapedpittapittanipalensis
Blue-tailed Bee-eater,Merops philippinus,bluetailedbeeeatermeropsphilippinus
Blue-throated Barbet,Megalaima asiatica,bluethroatedbarbetmegalaimaasiatica
Blue-throated Flycatcher,Cyornis rubeculoides,bluethroatedflycatchercyornisrubeculoides
Blue-winged Laughingthrush,Trochalopteron squamatum,bluewingedlaughingthrushtrochalopteronsquamatum
Blue-winged Leafbird,Chloropsis cochinchinensis,bluewingedleafbirdchloropsiscochinchinensis
Blue-winged Minla,Minla cyanouroptera,bluewingedminlaminlacyanouroptera
Bluethroat,Luscinia svecica,bluethroatlusciniasvecica
Blunt-winged Reed-warbler,Acrocephalus concinens,bluntwingedreedwarbleracrocephalusconcinens
Blyth's Kingfisher,Alcedo hercules,blythskingfisheralcedohercules
Blyth's Leaf-warbler,Phylloscopus reguloides,blythsleafwarblerphylloscopusreguloides
Blyth's Pipit,Anthus godlewskii,blythspipitanthusgodlewskii
Blyth's Reed-warbler,Acrocephalus dumetorum,blythsreedwarbleracrocephalusdumetorum
Blyth's Rosefinch,Carpodacus grandis,blythsrosefinchcarpodacusgrandis
Blyth's Tragopan,Tragopan blythii,blythstragopantragopanblythii
Bohemian Waxwing,Bombycilla garrulus ?,bohemianwaxwingbombycillagarrulus?
Bonelli's Eagle,Hieraaetus fasciatus,bonelliseaglehieraaetusfasciatus
Booted Eagle,Hieraaetus pennatus,bootedeaglehieraaetuspennatus
Booted Warbler,Hippolais caligata,bootedwarblerhippolaiscaligata
Boreal Owl,Aegolius funereus ?,borealowlaegoliusfunereus?
Brahminy Kite,Haliastur indus,brahminykitehaliasturindus
Brahminy Starling,Temenuchus pagodarum,brahminystarlingtemenuchuspagodarum
Brambling,Fringilla montifringilla ?,bramblingfringillamontifringilla?
Brandt's Mountain-finch,Leucosticte brandti,brandtsmountainfinchleucostictebrandti
Bridled Tern,Sterna anaethetus,bridledternsternaanaethetus
Bright-green Warbler,Phylloscopus nitidus,brightgreenwarblerphylloscopusnitidus
Bright-headed Cisticola,Cisticola exilis,brightheadedcisticolacisticolaexilis
Bristled Grassbird,Chaetornis striata,bristledgrassbirdchaetornisstriata
Broad-billed Sandpiper,Limicola falcinellus,broadbilledsandpiperlimicolafalcinellus
Broad-billed Warbler,Tickellia hodgsoni,broadbilledwarblertickelliahodgsoni
Bronze-winged Jacana,Metopidius indicus,bronzewingedjacanametopidiusindicus
Bronzed Drongo,Dicrurus aeneus,bronzeddrongodicrurusaeneus
Brook's Leaf-warbler,Phylloscopus subviridis,brooksleafwarblerphylloscopussubviridis
Brown Accentor,Prunella fulvescens,brownaccentorprunellafulvescens
Brown Bobby,Sula leucogaster,brownbobbysulaleucogaster
Brown Bullfinch,Pyrrhula nipalensis,brownbullfinchpyrrhulanipalensis
Brown Bush-warbler,Bradypterus luteoventris,brownbushwarblerbradypterusluteoventris
Brown Crake,Porzana akool,browncrakeporzanaakool
Brown Dipper,Cinclus pallasii,browndippercincluspallasii
Brown Fish-owl,Ketupa zeylonensis,brownfishowlketupazeylonensis
Brown Hawk-owl,Ninox scutulata,brownhawkowlninoxscutulata
Brown Noddy,Anous stolidus,brownnoddyanousstolidus
Brown Parrotbill,Paradoxornis unicolor,brownparrotbillparadoxornisunicolor
Brown Rock-chat,Cercomela fusca,brownrockchatcercomelafusca
Brown Shrike,Lanius cristatus,brownshrikelaniuscristatus
Brown Skua,Catharacta antarctica,brownskuacatharactaantarctica
Brown Wood-owl,Strix leptogrammica,brownwoodowlstrixleptogrammica
Brown-breasted Flycatcher,Muscicapa muttui,brownbreastedflycatchermuscicapamuttui
Brown-capped Laughingthrush,Ianthocincla austeni,browncappedlaughingthrushianthocinclaausteni
Brown-cheeked Fulvetta,Alcippe poioicephala,browncheekedfulvettaalcippepoioicephala
Brown-fronted Pied Woodpecker,Dendrocopos auriceps,brownfrontedpiedwoodpeckerdendrocoposauriceps
Brown-headed Barbet,Megalaima zeylanica,brownheadedbarbetmegalaimazeylanica
Brown-headed Gull,Larus brunnicephalus,brownheadedgulllarusbrunnicephalus
Brown-throated Fulvetta,Alcippe ludlowi,brownthroatedfulvettaalcippeludlowi
Brown-throated Needletail,Hirundapus giganteus,brownthroatedneedletailhirundapusgiganteus
Brown-throated Treecreeper,Certhia discolor,brownthroatedtreecreepercerthiadiscolor
Brown-winged Kingfisher,Pelargopsis amauroptera,brownwingedkingfisherpelargopsisamauroptera
Buff-bellied Pipit,Anthus rubescens,buffbelliedpipitanthusrubescens
Buff-breasted Babbler,Pellorneum tickelli,buffbreastedbabblerpellorneumtickelli
Buff-breasted Sandpiper,Tryngites subruficollis,buffbreastedsandpipertryngitessubruficollis
Buff-throated Leaf-warbler,Phylloscopus subaffinis,buffthroatedleafwarblerphylloscopussubaffinis
Buffy Fish-owl,Ketupa ketupu,buffyfishowlketupaketupu
Bugun Liocichla,Liocichla bugunorum,bugunliocichlaliocichlabugunorum
Bulwer's Petrel,Bulweria bulwerii ?,bulwerspetrelbulweriabulwerii?
Burmese Shrike,Lanius collurioides,burmeseshrikelaniuscollurioides
Cachar Wedge-billed Babbler,Sphenocichla roberti,cacharwedgebilledbabblersphenocichlaroberti
Carrion Crow,Corvus corone,carrioncrowcorvuscorone
Caspian Plover,Charadrius asiaticus,caspianplovercharadriusasiaticus
Caspian Tern,Hydroprogne caspia,caspianternhydroprognecaspia
Cattle Egret,Bubulcus Ibis coromandus,cattleegretbubulcusibiscoromandus
Cetti's Bush-warbler,Cettia cetti,cettisbushwarblercettiacetti
Ceylon Frogmouth,Batrachostomus moniliger,ceylonfrogmouthbatrachostomusmoniliger
Changeable Hawk-eagle,Spizaetus limnaeetus,changeablehawkeaglespizaetuslimnaeetus
Cheer Pheasant,Catreus wallichii,cheerpheasantcatreuswallichii
Chestnut Bittern,Ixobrychus cinnamomeus,chestnutbitternixobrychuscinnamomeus
Chestnut Bunting,Emberiza rutila,chestnutbuntingemberizarutila
Chestnut Munia,Lonchura atricapilla,chestnutmunialonchuraatricapilla
Chestnut Thrush,Turdus rubrocanus,chestnutthrushturdusrubrocanus
Chestnut-backed Laughingthrush,Dryonastes nuchalis,chestnutbackedlaughingthrushdryonastesnuchalis
Chestnut-bellied Nuthatch,Sitta castanea,chestnutbelliednuthatchsittacastanea
Chestnut-bellied Nuthatch,Sitta cinnamoventris,chestnutbelliednuthatchsittacinnamoventris
Chestnut-bellied Rock-thrush,Monticola rufiventris,chestnutbelliedrockthrushmonticolarufiventris
Chestnut-bellied Sandgrouse,Pterocles exustus,chestnutbelliedsandgrousepteroclesexustus
Chestnut-breasted Hill-partridge,Arborophila mandellii,chestnutbreastedhillpartridgearborophilamandellii
Chestnut-capped Babbler,Timalia pileata,chestnutcappedbabblertimaliapileata
Chestnut-crowned Warbler,Seicercus castaniceps,chestnutcrownedwarblerseicercuscastaniceps
Chestnut-eared Bunting,Emberiza fucata,chestnutearedbuntingemberizafucata
Chestnut-fronted Shrike-babbler,Pteruthius aenobarbus,chestnutfrontedshrikebabblerpteruthiusaenobarbus
Chestnut-headed Bee-eater,Merops leschenaulti,chestnutheadedbeeeatermeropsleschenaulti
Chestnut-headed Tesia,Tesia castaneocoronata,chestnutheadedtesiatesiacastaneocoronata
Chestnut-vented Nuthatch,Sitta nagaensis,chestnutventednuthatchsittanagaensis
Chestnut-winged Cuckoo,Clamator coromandus,chestnutwingedcuckooclamatorcoromandus
Chin Hills Wren-babbler,Spelaeornis oatesi,chinhillswrenbabblerspelaeornisoatesi
Chinese Bush-warbler,Bradypterus tacsanowskius,chinesebushwarblerbradypterustacsanowskius
Chinese Francolin,Francolinus pintadeanus,chinesefrancolinfrancolinuspintadeanus
Chinese Pond-heron,Ardeola bacchus,chinesepondheronardeolabacchus
Chinese Sparrowhawk,Accipiter soloensis,chinesesparrowhawkaccipitersoloensis
Chinese Spot-billed Duck,Anas zonoryncha,chinesespotbilledduckanaszonoryncha
Christmas Island Frigatebird,Fregata andrewsi ?,christmasislandfrigatebirdfregataandrewsi?
Chukar Partridge,Alectoris chukar,chukarpartridgealectorischukar
Cinereous Vulture,Aegypius monachus,cinereousvultureaegypiusmonachus
Cinnamon Sparrow,Passer rutilans,cinnamonsparrowpasserrutilans
Citrine Wagtail,Motacilla citreola,citrinewagtailmotacillacitreola
Coal Tit,Parus ater,coaltitparusater
Collared Falconet,Microhierax caerulescens,collaredfalconetmicrohieraxcaerulescens
Collared Grosbeak,Mycerobas affinis,collaredgrosbeakmycerobasaffinis
Collared Kingfisher,Todiramphus chloris,collaredkingfishertodiramphuschloris
Collared Myna,Acridotheres albocinctus,collaredmynaacridotheresalbocinctus
Collared Owlet,Glaucidium brodiei,collaredowletglaucidiumbrodiei
Collared Pratincole,Glareola pratincola,collaredpratincoleglareolapratincola
Collared Scops-Owl,Otus lettia,collaredscopsowlotuslettia
Collared Treepie,Dendrocitta frontalis,collaredtreepiedendrocittafrontalis
Comb Duck,Sarkidiornis melanotos,combducksarkidiornismelanotos
Common Babbler,Turdoides caudata,commonbabblerturdoidescaudata
Common Barn Owl,Tyto alba,commonbarnowltytoalba
Common Black-headed Gull,Larus ridibundus,commonblackheadedgulllarusridibundus
Common Bushchat,Saxicola torquatus,commonbushchatsaxicolatorquatus
Common Chaffinch,Fringilla coelebs,commonchaffinchfringillacoelebs
Common Crane,Grus grus,commoncranegrusgrus
Common Cuckoo,Cuculus canorus,commoncuckoocuculuscanorus
Common Flameback,Dinopium javanense,commonflamebackdinopiumjavanense
Common Goldeneye,Bucephala clangula,commongoldeneyebucephalaclangula
Common Green Magpie,Cissa chinensis,commongreenmagpiecissachinensis
Common Greenshank,Tringa nebularia,commongreenshanktringanebularia
Common Hawk-cuckoo,Hierococcyx varius,commonhawkcuckoohierococcyxvarius
Common Hill Myna,Gracula religiosa,commonhillmynagraculareligiosa
Common Hill-partridge,Arborophila torqueola,commonhillpartridgearborophilatorqueola
Common Hoopoe,Upupa epos,commonhoopoeupupaepos
Common Iora,Aegithina tiphia,commonioraaegithinatiphia
Common Kestrel,Falco tinnunculus,commonkestrelfalcotinnunculus
Common Kingfisher,Alcedo atthis,commonkingfisheralcedoatthis
Common Merganser,Mergus merganser,commonmergansermergusmerganser
Common Moorhen,Gallinula chloropus,commonmoorhengallinulachloropus
Common Myna,Acridotheres tristis,commonmynaacridotherestristis
Common Pochard,Aythya ferina,commonpochardaythyaferina
Common Quail,Coturnix coturnix,commonquailcoturnixcoturnix
Common Raven,Corvus corax,commonravencorvuscorax
Common Redshank,Tringa totanus,commonredshanktringatotanus
Common Redstart,Phoenicurus phoenicurus ?,commonredstartphoenicurusphoenicurus?
Common Ringed Plover,Charadrius hiaticula,commonringedplovercharadriushiaticula
Common Rosefinch,Carpodacus erythrinus,commonrosefinchcarpodacuserythrinus
Common Sand-martin,Riparia riparia,commonsandmartinripariariparia
Common Sandpiper,Actitis hypoleucos,commonsandpiperactitishypoleucos
Common Shelduck,Tadorna tadorna,commonshelducktadornatadorna
Common Snipe,Gallinago gallinago,commonsnipegallinagogallinago
Common Starling,Sturnus vulgaris,commonstarlingsturnusvulgaris
Common Swift,Apus apus,commonswiftapusapus
Common Tailorbird,Orthotomus sutorius,commontailorbirdorthotomussutorius
Common Teal,Anas crecca,commontealanascrecca
Common Tern,Sterna hirundo,commonternsternahirundo
Common Whitethroat,Sylvia communis,commonwhitethroatsylviacommunis
Common Woodpigeon,Columba palumbus,commonwoodpigeoncolumbapalumbus
Common Woodshrike,Tephrodornis pondicerianus,commonwoodshriketephrodornispondicerianus
Coppersmith Barbet,Megalaima haemacephala,coppersmithbarbetmegalaimahaemacephala
Coral-billed Scimitar-babbler,Pomatorhinus ferruginosus,coralbilledscimitarbabblerpomatorhinusferruginosus
Corn Bunting,Emberiza calandra,cornbuntingemberizacalandra
Corn Crake,Crex crex,corncrakecrexcrex
Cotton Teal,Nettapus coromandelianus,cottontealnettapuscoromandelianus
Crab-plover,Dromas ardeola,crabploverdromasardeola
Cream-coloured Courser,Cursorius cursor,creamcolouredcoursercursoriuscursor
Crested Bunting,Melophus lathami,crestedbuntingmelophuslathami
Crested Finchbill,Spizixos canifrons,crestedfinchbillspizixoscanifrons
Crested Goshawk,Accipiter trivirgatus,crestedgoshawkaccipitertrivirgatus
Crested Hawk-eagle,Spizaetus (cirrhatus,crestedhawkeaglespizaetus(cirrhatus
Crested Lark,Galerida cristata,crestedlarkgaleridacristata
Crested Serpent-eagle,Spilornis cheela,crestedserpenteaglespilornischeela
Crested Treeswift,Hemiprocne coronata,crestedtreeswifthemiprocnecoronata
Crimson Sunbird,Aethopyga siparaja,crimsonsunbirdaethopygasiparaja
Crimson-breasted Pied Woodpecker,Dendrocopos cathpharius,crimsonbreastedpiedwoodpeckerdendrocoposcathpharius
Crimson-browed Finch,Propyrrhula subhimachala,crimsonbrowedfinchpropyrrhulasubhimachala
Crow-billed Drongo,Dicrurus annectans,crowbilleddrongodicrurusannectans
Curlew Sandpiper,Calidris ferruginea,curlewsandpipercalidrisferruginea
Cutia,Cutia nipalensis,cutiacutianipalensis
Dalmatian Pelican,Pelecanus crispus,dalmatianpelicanpelecanuscrispus
Darjeeling Pied Woodpecker,Dendrocopos darjellensis,darjeelingpiedwoodpeckerdendrocoposdarjellensis
Dark-breasted Rosefinch,Carpodacus nipalensis,darkbreastedrosefinchcarpodacusnipalensis
Dark-fronted Babbler,Rhopocichla atriceps,darkfrontedbabblerrhopocichlaatriceps
Dark-rumped Rosefinch,Carpodacus edwardsii,darkrumpedrosefinchcarpodacusedwardsii
Dark-rumped Swift,Apus acuticauda,darkrumpedswiftapusacuticauda
Dark-sided Flycatcher,Muscicapa sibirica,darksidedflycatchermuscicapasibirica
Dark-sided Ground-thrush,Zoothera marginata,darksidedgroundthrushzootheramarginata
Daurian Redstart,Phoenicurus auroreus,daurianredstartphoenicurusauroreus
Daurian Starling,Sturnia sturnina,daurianstarlingsturniasturnina
Demoiselle Crane,Grus virgo,demoisellecranegrusvirgo
Desert Lark,Ammomanes deserti,desertlarkammomanesdeserti
Desert Wheatear,Oenanthe deserti,desertwheatearoenanthedeserti
Desert Whitethroat,Sylvia (curruca) minula,desertwhitethroatsylvia(curruca)minula
Dollarbird,Eurystomus orientalis,dollarbirdeurystomusorientalis
Dunlin,Calidris alpina,dunlincalidrisalpina
Dusky Blue Flycatcher,Eumyias sordidus,duskyblueflycatchereumyiassordidus
Dusky Crag-martin,Ptyonoprogne concolor,duskycragmartinptyonoprogneconcolor
Dusky Eagle-owl,Bubo coromandus,duskyeagleowlbubocoromandus
Dusky Thrush,Turdus (naumanni) eunomus,duskythrushturdus(naumanni)eunomus
Dusky Warbler,Phylloscopus fuscatus,duskywarblerphylloscopusfuscatus
Eastern Baillon's Crake,Porzana pusilla,easternbaillonscrakeporzanapusilla
Eastern Black-tailed Godwit,Limosa (limosa) melanuroides,easternblacktailedgodwitlimosa(limosa)melanuroides
Eastern Crowned Warbler,Phylloscopus coronatus ?,easterncrownedwarblerphylloscopuscoronatus?
Eastern Grass-owl,Tyto longimembris,easterngrassowltytolongimembris
Eastern Imperial Eagle,Aquila heliaca,easternimperialeagleaquilaheliaca
Eastern Jungle Crow,Corvus (macrorynchos) levaillantii,easternjunglecrowcorvus(macrorynchos)levaillantii
Eastern Marsh Harrier,Circus spilonotus ?,easternmarshharriercircusspilonotus?
Eastern Orphean Warbler,Sylvia crassirostris,easternorpheanwarblersylviacrassirostris
Eastern Water Rail,Rallus indicus,easternwaterrailrallusindicus
Edible-nest Swiftlet,Aerodramus fuciphagus,ediblenestswiftletaerodramusfuciphagus
Egyptian Vulture,Neophron percnopterus,egyptianvultureneophronpercnopterus
Emerald Dove,Chalcophaps indica,emeralddovechalcophapsindica
Eurasian Bittern,Botaurus stellaris,eurasianbitternbotaurusstellaris
Eurasian Collared-dove,Streptopelia decaocto,eurasiancollareddovestreptopeliadecaocto
Eurasian Coot,Fulica atra,eurasiancootfulicaatra
Eurasian Crag-martin,Ptyonoprogne rupestris,eurasiancragmartinptyonoprognerupestris
Eurasian Curlew,Numenius arquata,eurasiancurlewnumeniusarquata
Eurasian Eagle-owl,Bubo bubo,eurasianeagleowlbubobubo
Eurasian Goldfinch,Carduelis carduelis,eurasiangoldfinchcardueliscarduelis
Eurasian Hobby,Falco subbuteo,eurasianhobbyfalcosubbuteo
Eurasian Jackdaw,Coloeus monedula,eurasianjackdawcoloeusmonedula
Eurasian Jay,Garrulus glandarius,eurasianjaygarrulusglandarius
Eurasian Magpie,Pica pica,eurasianmagpiepicapica
Eurasian Oystercatcher,Haematopus ostralegus,eurasianoystercatcherhaematopusostralegus
Eurasian Scops-Owl,Otus scops,eurasianscopsowlotusscops
Eurasian Siskin,Carduelis spinus,eurasiansiskincarduelisspinus
Eurasian Skylark,Alauda arvensis,eurasianskylarkalaudaarvensis
Eurasian Sparrowhawk,Accipiter nisus,eurasiansparrowhawkaccipiternisus
Eurasian Spoonbill,Platalea leucorodia,eurasianspoonbillplatalealeucorodia
Eurasian Tree Sparrow,Passer montanus,eurasiantreesparrowpassermontanus
Eurasian Treecreeper,Certhia familiaris,eurasiantreecreepercerthiafamiliaris
Eurasian Wigeon,Anas penelope,eurasianwigeonanaspenelope
Eurasian Woodcock,Scolopax rusticola,eurasianwoodcockscolopaxrusticola
Eurasian Wryneck,Jynx torquilla,eurasianwryneckjynxtorquilla
European Bee-eater,Merops apiaster,europeanbeeeatermeropsapiaster
European Golden Oriole,Oriolus oriolus,europeangoldenorioleoriolusoriolus
European Golden Plover,Pluvialis apricaria,europeangoldenploverpluvialisapricaria
European Linnet,Acanthis cannabina ?,europeanlinnetacanthiscannabina?
European Nightjar,Caprimulgus europaeus,europeannightjarcaprimulguseuropaeus
European Roller,Coracias garrulus,europeanrollercoraciasgarrulus
European Turtle-dove,Streptopelia turtur,europeanturtledovestreptopeliaturtur
European Water Rail,Rallus aquaticus,europeanwaterrailrallusaquaticus
Eversmann's Redstart,Phoenicurus erythronotus,eversmannsredstartphoenicuruserythronotus
Eyebrowed Thrush,Turdus obscurus,eyebrowedthrushturdusobscurus
Eyebrowed Wren-babbler,Napothera epilepidota,eyebrowedwrenbabblernapotheraepilepidota
Falcated Duck,Anas falcata,falcatedduckanasfalcata
Ferruginous Duck,Aythya nyroca,ferruginousduckaythyanyroca
Ferruginous Flycatcher,Muscicapa ferruginea,ferruginousflycatchermuscicapaferruginea
Finn's Weaver,Ploceus megarhynchus,finnsweaverploceusmegarhynchus
Finsch's Parakeet,Psittacula finschii,finschsparakeetpsittaculafinschii
Finsch's Wheatear,Oenanthe finschii ?,finschswheatearoenanthefinschii?
Fire-breasted Flowerpecker,Dicaeum ignipectus,firebreastedflowerpeckerdicaeumignipectus
Fire-capped Tit,Cephalopyrus flammiceps,firecappedtitcephalopyrusflammiceps
Fire-fronted Serin,Serinus pusillus,firefrontedserinserinuspusillus
Fire-tailed Myzornis,Myzornis pyrrhoura,firetailedmyzornismyzornispyrrhoura
Fire-tailed Sunbird,Aethopyga ignicauda,firetailedsunbirdaethopygaignicauda
Firethroat,Luscinia pectardens,firethroatlusciniapectardens
Flame-throated Bulbul,Pynconotus gularis,flamethroatedbulbulpynconotusgularis
Flavescent Bulbul,Pynconotus flavescens,flavescentbulbulpynconotusflavescens
Flesh-footed Shearwater,Puffinus carneipes,fleshfootedshearwaterpuffinuscarneipes
Forest Eagle-owl,Bubo nipalensis,foresteagleowlbubonipalensis
Forest Owlet,Hetroglaux blewitti,forestowlethetroglauxblewitti
Forest Wagtail,Dendronanthus indicus,forestwagtaildendronanthusindicus
Forked-tailed Drongo Cuckoo,Surniculus (lugubris) dicruroides,forkedtaileddrongocuckoosurniculus(lugubris)dicruroides
Fulvous Parrotbill,Paradoxornis fulvifrons,fulvousparrotbillparadoxornisfulvifrons
Fulvous Whistling-duck,Dendrocygna bicolor,fulvouswhistlingduckdendrocygnabicolor
Fulvous-breasted Pied Woodpecker,Dendrocopos macei,fulvousbreastedpiedwoodpeckerdendrocoposmacei
Gadwall,Anas strepera,gadwallanasstrepera
Garganey,Anas querquedula,garganeyanasquerquedula
Glossy Ibis,Plegadis falcinellus,glossyibisplegadisfalcinellus
Gold-crested Myna,Ampeliceps coronatus ?,goldcrestedmynaampelicepscoronatus?
Gold-fronted Leafbird,Chloropsis aurifrons,goldfrontedleafbirdchloropsisaurifrons
Gold-naped Finch Pyrrhoplectes,epauletta,goldnapedfinchpyrrhoplectesepauletta
Goldcrest,Regulus regulus,goldcrestregulusregulus
Golden Babbler,Stachyris chrysaea,goldenbabblerstachyrischrysaea
Golden Bush-robin,Tarsiger chrysaeus,goldenbushrobintarsigerchrysaeus
Golden Eagle,Aquila chrysaetos,goldeneagleaquilachrysaetos
Golden-breasted Fulvetta,Alcippe chrysotis,goldenbreastedfulvettaalcippechrysotis
Golden-throated Barbet,Megalaima franklinii,goldenthroatedbarbetmegalaimafranklinii
Goliath Heron,Ardea goliath,goliathheronardeagoliath
Gould's Shortwing,Hetroxenicus stellatus,gouldsshortwinghetroxenicusstellatus
Graceful Prinia,Prinia gracilis,gracefulpriniapriniagracilis
Grandala,Grandala coelicolor,grandalagrandalacoelicolor
Grasshopper Warbler,Locustella naevia,grasshopperwarblerlocustellanaevia
Great Barbet,Megalaima virens,greatbarbetmegalaimavirens
Great Black-headed Gull,Larus ichthyaetus,greatblackheadedgulllarusichthyaetus
Great Cormorant,Phalacrocorax carbo,greatcormorantphalacrocoraxcarbo
Great Crested Grebe,Podiceps cristatus,greatcrestedgrebepodicepscristatus
Great Crested Tern,Thalasseus bergii,greatcrestedternthalasseusbergii
Great Eared-nightjar,Eurostopodus macrotis,greatearednightjareurostopodusmacrotis
Great Egret,Egretta alba,greategretegrettaalba
Great Frigatebird,Fregata minor,greatfrigatebirdfregataminor
Great Grey Shrike,Lanius excubitor ?,greatgreyshrikelaniusexcubitor?
Great Indian Bustard,Otis nigriceps,greatindianbustardotisnigriceps
Great Knot,Calidris tenuirostris,greatknotcalidristenuirostris
Great Parrotbill,Conostoma oemodium,greatparrotbillconostomaoemodium
Great Pied Hornbill,Buceros bicornis,greatpiedhornbillbucerosbicornis
Great Reed-warbler,Acrocephalus arundinaceus ?,greatreedwarbleracrocephalusarundinaceus?
Great Slaty Woodpecker,Mulleripicus pulverulentus,greatslatywoodpeckermulleripicuspulverulentus
Great Snipe,Gallinago media,greatsnipegallinagomedia
Great Spotted Woodpecker,Dendrocopos major,greatspottedwoodpeckerdendrocoposmajor
Great Thick-knee,Esacus recurvirostris,greatthickkneeesacusrecurvirostris
Great Tit,Parus major,greattitparusmajor
Great White Pelican,Pelecanus onocrotalus,greatwhitepelicanpelecanusonocrotalus
Greater Adjutant,Leptoptilos dubius,greateradjutantleptoptilosdubius
Greater Coucal,Centropus sinensis,greatercoucalcentropussinensis
Greater Flameback,Chrysocolaptes lucidus,greaterflamebackchrysocolapteslucidus
Greater Flamingo,Phoenicopterus roseus,greaterflamingophoenicopterusroseus
Greater Hoopoe Lark,Alaemon alaudipes,greaterhoopoelarkalaemonalaudipes
Greater Necklaced Laughingthrush,Garrulax pectoralis,greaternecklacedlaughingthrushgarrulaxpectoralis
Greater Nicobar Serpent-eagle,Spilornis klossi,greaternicobarserpenteaglespilornisklossi
Greater Painted-snipe,Rostratula benghalensis,greaterpaintedsniperostratulabenghalensis
Greater Racket-tailed Drongo,Dicrurus paradiseus,greaterrackettaileddrongodicrurusparadiseus
Greater Rufous-headed Parrotbill,Paradoxornis ruficeps,greaterrufousheadedparrotbillparadoxornisruficeps
Greater Sand Plover,Charadrius leschenaultii,greatersandplovercharadriusleschenaultii
Greater Scaup,Aythya marila,greaterscaupaythyamarila
Greater Short-toed Lark,Calandrella brachydactyla,greatershorttoedlarkcalandrellabrachydactyla
Greater Spotted Eagle,Aquila clanga,greaterspottedeagleaquilaclanga
Greater White-fronted Goose,Anser albifrons,greaterwhitefrontedgooseanseralbifrons
Greater Yellownape,Picus flavinucha,greateryellownapepicusflavinucha
Green Avadavat,Amandava formosa,greenavadavatamandavaformosa
Green Cochoa,Cochoa viridis,greencochoacochoaviridis
Green Imperial-pigeon,Ducula aenea,greenimperialpigeonduculaaenea
Green Sandpiper,Tringa ochropus,greensandpipertringaochropus
Green Shrike-babbler,Pteruthius xanthochlorus,greenshrikebabblerpteruthiusxanthochlorus
Green-backed Tit,Parus monticolus,greenbackedtitparusmonticolus
Green-billed Malkoha,Phaenicophaeus tristis,greenbilledmalkohaphaenicophaeustristis
Green-crowned Warbler,Seicercus burkii,greencrownedwarblerseicercusburkii
Green-tailed Sunbird,Aethopyga nipalensis,greentailedsunbirdaethopyganipalensis
Greenish Warbler,Phylloscopus trochiloides,greenishwarblerphylloscopustrochiloides
Grey Bushchat,Saxicola ferreus,greybushchatsaxicolaferreus
Grey Francolin,Francolinus pondicerianus,greyfrancolinfrancolinuspondicerianus
Grey Heron,Ardea cinerea,greyheronardeacinerea
Grey Hornbill,Ocyceros birostris,greyhornbillocycerosbirostris
Grey Hypocolius,Hypocolius ampelinus,greyhypocoliushypocoliusampelinus
Grey Junglefowl,Gallus sonneratii,greyjunglefowlgallussonneratii
Grey Nightjar,Caprimulgus jotaka,greynightjarcaprimulgusjotaka
Grey Peacock-pheasant,Polyplectron bicalcaratum,greypeacockpheasantpolyplectronbicalcaratum
Grey Plover,Pluvialis squatarola,greyploverpluvialissquatarola
Grey Sibia,Heterophasia gracilis,greysibiaheterophasiagracilis
Grey Treepie,Dendrocitta formosae,greytreepiedendrocittaformosae
Grey Wagtail,Motacilla cinerea,greywagtailmotacillacinerea
Grey-backed Shrike,Lanius tephronotus,greybackedshrikelaniustephronotus
Grey-bellied Cuckoo,Cacomantis passerinus,greybelliedcuckoocacomantispasserinus
Grey-bellied Wren-babbler,Spelaeornis reptatus ?,greybelliedwrenbabblerspelaeornisreptatus?
Grey-breasted Prinia,Prinia hodgsonii,greybreastedpriniapriniahodgsonii
Grey-capped Pygmy Woodpecker,Dendrocopos canicapillus,greycappedpygmywoodpeckerdendrocoposcanicapillus
Grey-cheeked Warbler,Seicercus poliogenys,greycheekedwarblerseicercuspoliogenys
Grey-chinned Minivet,Pericrocotus solaris,greychinnedminivetpericrocotussolaris
Grey-crested Tit,Parus dichrous,greycrestedtitparusdichrous
Grey-crowned Prinia,Prinia cinereocapilla,greycrownedpriniapriniacinereocapilla
Grey-crowned Warbler,Seicercus tephrocephalus,greycrownedwarblerseicercustephrocephalus
Grey-faced Leaf-warbler,Phylloscopus maculipennis,greyfacedleafwarblerphylloscopusmaculipennis
Grey-faced Woodpecker,Picus canus,greyfacedwoodpeckerpicuscanus
Grey-fronted Green-pigeon,Treron affinis,greyfrontedgreenpigeontreronaffinis
Grey-headed Bulbul,Pynconotus priocephalus,greyheadedbulbulpynconotuspriocephalus
Grey-headed Bullfinch,Pyrrhula erythaca,greyheadedbullfinchpyrrhulaerythaca
Grey-headed Canary-flycatcher,Culicicapa ceylonensis,greyheadedcanaryflycatcherculicicapaceylonensis
Grey-headed Fish-eagle,Ichthyophaga ichthyaetus,greyheadedfisheagleichthyophagaichthyaetus
Grey-headed Lapwing,Vanellus cinereus,greyheadedlapwingvanelluscinereus
Grey-headed Parrotbill,Paradoxornis gularis,greyheadedparrotbillparadoxornisgularis
Grey-headed Starling,Sturnia malabarica,greyheadedstarlingsturniamalabarica
Grey-hooded Warbler,Phylloscopus xanthoschistos,greyhoodedwarblerphylloscopusxanthoschistos
Grey-necked Bunting,Emberiza buchanani,greyneckedbuntingemberizabuchanani
Grey-sided Bush-warbler,Cettia brunnifrons,greysidedbushwarblercettiabrunnifrons
Grey-sided Laughingthrush,Dryonastes caerulatus,greysidedlaughingthrushdryonastescaerulatus
Grey-sided Thrush,Turdus feae,greysidedthrushturdusfeae
Grey-tailed Tattler,Heteroscelus brevipes,greytailedtattlerheteroscelusbrevipes
Grey-throated Babbler,Stachyris nigriceps,greythroatedbabblerstachyrisnigriceps
Grey-throated Sand-martin,Riparia chinensis,greythroatedsandmartinripariachinensis
Grey-winged Blackbird,Turdus boulboul,greywingedblackbirdturdusboulboul
Greylag Goose,Anser anser,greylaggooseanseranser
Griffon Vulture,Gyps fulvus,griffonvulturegypsfulvus
Ground-tit,Pseudopodoces humilis,groundtitpseudopodoceshumilis
Gull-billed Tern,Gelochelidon nilotica,gullbilledterngelochelidonnilotica
Hair-crested Drongo,Dicrurus hottentottus,haircresteddrongodicrurushottentottus
Hawfinch,Coccothraustes coccothraustes ?,hawfinchcoccothraustescoccothraustes?
Heart-spotted Woodpecker,Hemicircus canente,heartspottedwoodpeckerhemicircuscanente
Hen Harrier,Circus cyaneus,henharriercircuscyaneus
Heuglin's Gull,Larus heuglini,heuglinsgulllarusheuglini
Hill Blue Flycatcher,Cyornis banyumas,hillblueflycatchercyornisbanyumas
Hill Pigeon,Columba rupestris,hillpigeoncolumbarupestris
Hill Prinia,Prinia superciliaris,hillpriniapriniasuperciliaris
Hill Swallow,Hirundo domicola,hillswallowhirundodomicola
Himalayan Aberrant Bush-warbler,Cettia flavolivacea,himalayanaberrantbushwarblercettiaflavolivacea
Himalayan Beautiful Rosefinch,Carpodacus pulcherrimus,himalayanbeautifulrosefinchcarpodacuspulcherrimus
Himalayan Black Bulbul,Hypsipetes leucocephalus,himalayanblackbulbulhypsipetesleucocephalus
Himalayan Bulbul,Pynconotus leucogenys,himalayanbulbulpynconotusleucogenys
Himalayan Buzzard,Buteo burmanicus,himalayanbuzzardbuteoburmanicus
Himalayan Flameback,Dinopium shorii,himalayanflamebackdinopiumshorii
Himalayan Greenfinch,Carduelis spinoides,himalayangreenfinchcarduelisspinoides
Himalayan Monal,Lophophorus impejanus,himalayanmonallophophorusimpejanus
Himalayan Parakeet,Psittacula himalayana,himalayanparakeetpsittaculahimalayana
Himalayan Pied Kingfisher,Ceryle lugubris,himalayanpiedkingfishercerylelugubris
Himalayan Pied Woodpecker,Dendrocopos himalayensis,himalayanpiedwoodpeckerdendrocoposhimalayensis
Himalayan Red-flanked Bush-robin,Tarsiger rufilatus,himalayanredflankedbushrobintarsigerrufilatus
Himalayan Rubythroat,Luscinia pectoralis,himalayanrubythroatlusciniapectoralis
Himalayan Snowcock,Tetraogallus himalayensis,himalayansnowcocktetraogallushimalayensis
Himalayan Swiftlet,Aerodramus brevirostris,himalayanswiftletaerodramusbrevirostris
Himalayan Vulture,Gyps himalayensis,himalayanvulturegypshimalayensis
Himalayan White-browed Rosefinch,Carpodacus thura,himalayanwhitebrowedrosefinchcarpodacusthura
Himalayan Wood-owl,Strix nivicola,himalayanwoodowlstrixnivicola
Hoary-throated Barwing,Actinodura nipalensis,hoarythroatedbarwingactinoduranipalensis
Hodgson's Blue Robin,Hodgsonius phaenicuroides,hodgsonsbluerobinhodgsoniusphaenicuroides
Hodgson's Frogmouth,Batrachostomus hodgsoni,hodgsonsfrogmouthbatrachostomushodgsoni
Hodgson's Redstart,Phoenicurus hodgsoni,hodgsonsredstartphoenicurushodgsoni
Hooded Crow,Corvus (corone) cornix,hoodedcrowcorvus(corone)cornix
Hooded Pitta,Pitta sordida,hoodedpittapittasordida
Horned Grebe,Podiceps auritus,hornedgrebepodicepsauritus
Horned Lark,Eremophila alpestris,hornedlarkeremophilaalpestris
Houbara Bustard,Chlamydotis undulata,houbarabustardchlamydotisundulata
House Crow,Corvus splendens,housecrowcorvussplendens
House Sparrow,Passer domesticus,housesparrowpasserdomesticus
House Swallow,Hirundo tahitica,houseswallowhirundotahitica
Hume's Bush-warbler,Cettia brunnescens,humesbushwarblercettiabrunnescens
Hume's Hawk-owl,Ninox obscura,humeshawkowlninoxobscura
Hume's Leaf-warbler,Phylloscopus humei,humesleafwarblerphylloscopushumei
Hume's Short-toed Lark,Calandrella acutirostris,humesshorttoedlarkcalandrellaacutirostris
Hume's Wheatear,Oenanthe albonigra,humeswheatearoenanthealbonigra
Hume's Whitethroat,Sylvia althaea,humeswhitethroatsylviaalthaea
Ibisbill,Ibidorhyncha struthersii,ibisbillibidorhynchastruthersii
Indian Black Robin,Saxicoloides fulicatus,indianblackrobinsaxicoloidesfulicatus
Indian Blackbird,Turdus simillimus,indianblackbirdturdussimillimus
Indian Blue Robin,Luscinia brunnea,indianbluerobinlusciniabrunnea
Indian Broad-tailed Grass-warbler,Schoenicola platyurus,indianbroadtailedgrasswarblerschoenicolaplatyurus
Indian Bushlark,Mirafra erythroptera,indianbushlarkmirafraerythroptera
Indian Courser,Cursorius coromandelicus,indiancoursercursoriuscoromandelicus
Indian Crow,Corvus (macrorynchos) culminatus,indiancrowcorvus(macrorynchos)culminatus
Indian Cuckoo,Cuculus micropterus,indiancuckoocuculusmicropterus
Indian Eagle-owl,Bubo bengalensis,indianeagleowlbubobengalensis
Indian Golden Oriole,Oriolus kundoo,indiangoldenorioleorioluskundoo
Indian Jungle Nightjar,Caprimulgus indicus,indianjunglenightjarcaprimulgusindicus
Indian Little Nightjar,Caprimulgus asiaticus,indianlittlenightjarcaprimulgusasiaticus
Indian Peafowl,Pavo cristatus,indianpeafowlpavocristatus
Indian Pitta,Pitta brachyura,indianpittapittabrachyura
Indian Pygmy Woodpecker,Dendrocopos nanus,indianpygmywoodpeckerdendrocoposnanus
Indian Reed-warbler,Acrocephalus (stentoreus) brunnescens,indianreedwarbleracrocephalus(stentoreus)brunnescens
Indian Roller,Coracias benghalensis,indianrollercoraciasbenghalensis
Indian Scops-Owl,Otus bakkamoena,indianscopsowlotusbakkamoena
Indian Shag,Phalacrocorax fuscicollis,indianshagphalacrocoraxfuscicollis
Indian Silverbill,Euodice malabarica,indiansilverbilleuodicemalabarica
Indian Skimmer,Rynchops albicollis,indianskimmerrynchopsalbicollis
Indian Swiftlet,Aerodramus unicolor,indianswiftletaerodramusunicolor
Indian Vulture,Gyps indicus,indianvulturegypsindicus
Indian White-hooded Babbler,Gampsorhynchus rufulus,indianwhitehoodedbabblergampsorhynchusrufulus
Indian White-rumped Spinetail,Zoonavena sylvatica,indianwhiterumpedspinetailzoonavenasylvatica
Indian Yellow Tit,Parus aplonotus,indianyellowtitparusaplonotus
Intermediate Egret,Egretta intermedia,intermediateegretegrettaintermedia
Isabelline Shrike,Lanius isabellinus,isabellineshrikelaniusisabellinus
Isabelline Wheatear,Oenanthe isabellina,isabellinewheatearoenantheisabellina
Jack Snipe,Lymnocryptes minimus,jacksnipelymnocryptesminimus
Jacobin Cuckoo,Clamator jacobinus,jacobincuckooclamatorjacobinus
Japanese Quail,Coturnix japonica,japanesequailcoturnixjaponica
Japanese Sparrowhawk,Accipiter gularis,japanesesparrowhawkaccipitergularis
Jerdon's Babbler,Chrysomma altirostre,jerdonsbabblerchrysommaaltirostre
Jerdon's Baza,Aviceda jerdoni,jerdonsbazaavicedajerdoni
Jerdon's Bushchat,Saxicola jerdoni,jerdonsbushchatsaxicolajerdoni
Jerdon's Bushlark,Mirafra affinis,jerdonsbushlarkmirafraaffinis
Jerdon's Courser,Rhinoptilus bitorquatus,jerdonscourserrhinoptilusbitorquatus
Jerdon's Leafbird,Chloropsis jerdoni,jerdonsleafbirdchloropsisjerdoni
Jerdon's Nightjar,Caprimulgus atripennis,jerdonsnightjarcaprimulgusatripennis
Jouanin's Petrel,Bulweria (fallax ?,jouaninspetrelbulweria(fallax?
Jungle Babbler,Turdoides striata,junglebabblerturdoidesstriata
Jungle Bush-quail,Perdicula asiatica,junglebushquailperdiculaasiatica
Jungle Myna,Acridotheres fuscus,junglemynaacridotheresfuscus
Jungle Owlet,Glaucidium radiatum,jungleowletglaucidiumradiatum
Jungle Prinia,Prinia sylvatica,junglepriniapriniasylvatica
Kaleej Pheasant,Lophura leucomelanos,kaleejpheasantlophuraleucomelanos
Kashmir Flycatcher,Ficedula subrubra,kashmirflycatcherficedulasubrubra
Kashmir Nuthatch,Sitta cashmirensis,kashmirnuthatchsittacashmirensis
Kentish Plover,Charadrius alexandrinus,kentishplovercharadriusalexandrinus
Kerala Laughingthrush,Trochalopteron fairbanki,keralalaughingthrushtrochalopteronfairbanki
Kessler's Thrush,Turdus kessleri ?,kesslersthrushturduskessleri?
Koklass Pheasant,Pucrasia macrolopha,koklasspheasantpucrasiamacrolopha
Laggar Falcon,Falco jugger,laggarfalconfalcojugger
Lanceolated Warbler,Locustella lanceolata,lanceolatedwarblerlocustellalanceolata
Large Blue Flycatcher,Cyornis magnirostris,largeblueflycatchercyornismagnirostris
Large Bush-warbler,Cettia major,largebushwarblercettiamajor
Large Cuckooshrike,Coracina macei,largecuckooshrikecoracinamacei
Large Grey Babbler,Turdoides malcolmi,largegreybabblerturdoidesmalcolmi
Large Hawk-cuckoo,Hierococcyx sparverioides,largehawkcuckoohierococcyxsparverioides
Large Niltava,Niltava grandis,largeniltavaniltavagrandis
Large Scimitar-babbler,Pomatorhinus hypoleucos,largescimitarbabblerpomatorhinushypoleucos
Large Woodshrike,Tephrodornis gularis,largewoodshriketephrodornisgularis
Large-billed Crow,Corvus (macrorynchos) japonensis,largebilledcrowcorvus(macrorynchos)japonensis
Large-billed Leaf-warbler,Phylloscopus magnirostris,largebilledleafwarblerphylloscopusmagnirostris
Large-billed Reed-warbler,Acrocephalus orinus,largebilledreedwarbleracrocephalusorinus
Large-tailed Nightjar,Caprimulgus macrurus,largetailednightjarcaprimulgusmacrurus
Larger-spotted Nutcracker,Nucifraga multipunctata,largerspottednutcrackernucifragamultipunctata
Laughing Dove,Streptopelia senegalensis,laughingdovestreptopeliasenegalensis
Lemon-rumped Leaf-warbler,Phylloscopus chloronotus,lemonrumpedleafwarblerphylloscopuschloronotus
Lesser Adjutant,Leptoptilos javanicus,lesseradjutantleptoptilosjavanicus
Lesser Coucal,Centropus bengalensis,lessercoucalcentropusbengalensis
Lesser Crested Tern,Thalasseus bengalensis,lessercrestedternthalasseusbengalensis
Lesser Fish-eagle,Ichthyophaga humilis,lesserfisheagleichthyophagahumilis
Lesser Flamingo,Phoenicopterus minor,lesserflamingophoenicopterusminor
Lesser Florican,Sypheotides indicus,lesserfloricansypheotidesindicus
Lesser Frigatebird,Fregata ariel,lesserfrigatebirdfregataariel
Lesser Hill Myna,Gracula indica,lesserhillmynagraculaindica
Lesser Kestrel,Falco naumanni,lesserkestrelfalconaumanni
Lesser Necklaced Laughingthrush,Garrulax monileger,lessernecklacedlaughingthrushgarrulaxmonileger
Lesser Noddy,Anous tenuirostris ?,lessernoddyanoustenuirostris?
Lesser Pied Kingfisher,Ceryle rudis,lesserpiedkingfishercerylerudis
Lesser Racket-tailed Drongo,Dicrurus remifer,lesserrackettaileddrongodicrurusremifer
Lesser Rufous-headed Parrotbill,Paradoxornis atrosuperciliaris,lesserrufousheadedparrotbillparadoxornisatrosuperciliaris
Lesser Sand Plover,Charadrius mongolus,lessersandplovercharadriusmongolus
Lesser Short-toed Lark,Calandrella rufescens,lessershorttoedlarkcalandrellarufescens
Lesser Shortwing,Brachypteryx leucophrys,lessershortwingbrachypteryxleucophrys
Lesser Whistling-duck,Dendrocygna javanica,lesserwhistlingduckdendrocygnajavanica
Lesser White-fronted Goose,Anser erythropus,lesserwhitefrontedgooseansererythropus
Lesser Whitethroat,Sylvia curruca,lesserwhitethroatsylviacurruca
Lesser Yellownape,Picus chloropus,lesseryellownapepicuschloropus
Lineated Barbet,Megalaima lineata,lineatedbarbetmegalaimalineata
Little Bittern,Ixobrychus minutus,littlebitternixobrychusminutus
Little Bunting,Emberiza pusilla,littlebuntingemberizapusilla
Little Bustard,Tetrax tetrax (?,littlebustardtetraxtetrax(?
Little Cormorant,Phalacrocorax niger,littlecormorantphalacrocoraxniger
Little Crake,Porzana parva,littlecrakeporzanaparva
Little Egret,Egretta garzetta,littleegretegrettagarzetta
Little Forktail,Enicurus scouleri,littleforktailenicurusscouleri
Little Grebe,Tachybaptus ruficollis,littlegrebetachybaptusruficollis
Little Green Bee-eater,Merops orientalis,littlegreenbeeeatermeropsorientalis
Little Gull,Larus minutus,littlegulllarusminutus
Little Owl,Athene noctua,littleowlathenenoctua
Little Pied Flycatcher,Ficedula westermanni,littlepiedflycatcherficedulawestermanni
Little Ringed Plover,Charadrius dubius,littleringedplovercharadriusdubius
Little Spiderhunter,Arachnothera longirostra,littlespiderhunterarachnotheralongirostra
Little Stint,Calidris minuta,littlestintcalidrisminuta
Little Swift,Apus affinis,littleswiftapusaffinis
Little Tern,Sterna albifrons,littleternsternaalbifrons
Long-billed Bush-warbler,Bradypterus major,longbilledbushwarblerbradypterusmajor
Long-billed Dowitcher,Limnodromus scolopacea,longbilleddowitcherlimnodromusscolopacea
Long-billed Ground-thrush,Zoothera monticola,longbilledgroundthrushzootheramonticola
Long-billed Pipit,Anthus similis,longbilledpipitanthussimilis
Long-billed Plover,Charadrius placidus,longbilledplovercharadriusplacidus
Long-billed Scimitar-babbler,Pomatorhinus ochraceiceps,longbilledscimitarbabblerpomatorhinusochraceiceps
Long-billed Wren-babbler,Rimator malacoptilus,longbilledwrenbabblerrimatormalacoptilus
Long-legged Buzzard,Buteo rufinus,longleggedbuzzardbuteorufinus
Long-tailed Broadbill,Psarisomus dalhousiae,longtailedbroadbillpsarisomusdalhousiae
Long-tailed Duck,Clangula hyemalis,longtailedduckclangulahyemalis
Long-tailed Minivet,Pericrocotus ethologus,longtailedminivetpericrocotusethologus
Long-tailed Parakeet,Psittacula longicauda,longtailedparakeetpsittaculalongicauda
Long-tailed Shrike,Lanius schach,longtailedshrikelaniusschach
Long-tailed Sibia,Heterophasia picaoides,longtailedsibiaheterophasiapicaoides
Long-tailed Thrush,Zoothera dixoni,longtailedthrushzootheradixoni
Long-toed Stint,Calidris subminuta,longtoedstintcalidrissubminuta
Loten's Sunbird,Cinnyris lotenius,lotenssunbirdcinnyrislotenius
Malabar Barbet,Megalaima malabarica,malabarbarbetmegalaimamalabarica
Malabar Grey Hornbill,Ocyceros griseus,malabargreyhornbillocycerosgriseus
Malabar Lark,Galerida malabarica,malabarlarkgaleridamalabarica
Malabar Parakeet,Psittacula columboides,malabarparakeetpsittaculacolumboides
Malabar Pied Hornbill,Anthracoceros coronatus,malabarpiedhornbillanthracoceroscoronatus
Malabar Trogon,Harpactes fasciatus,malabartrogonharpactesfasciatus
Malabar Whistling-thrush,Myophonus horsfieldii,malabarwhistlingthrushmyophonushorsfieldii
Malabar White-headed Starling,Sturnia blythii,malabarwhiteheadedstarlingsturniablythii
Malabar Woodshrike,Tephrodornis sylvicola,malabarwoodshriketephrodornissylvicola
Malayan Night-heron,Gorsachius melanolophus,malayannightherongorsachiusmelanolophus
Mallard,Anas platyrhynchos,mallardanasplatyrhynchos
Manchurian Bush-warbler,Cettia (canturians ?,manchurianbushwarblercettia(canturians?
Mandarin Duck,Aix galericulata ?,mandarinduckaixgalericulata?
Mandelli's Leaf-warbler,Phylloscopus (humei) mandellii,mandellisleafwarblerphylloscopus(humei)mandellii
Mangrove Pitta,Pitta megarhyncha,mangrovepittapittamegarhyncha
Mangrove Whistler,Pachycephala grisola,mangrovewhistlerpachycephalagrisola
Manipur Aberrant Bush-warbler,Cettia flavolivacea weberi,manipuraberrantbushwarblercettiaflavolivaceaweberi
Manipur Bush-quail,Perdicula manipurensis,manipurbushquailperdiculamanipurensis
Manipur Fulvetta,Alcippe manipurensis,manipurfulvettaalcippemanipurensis
Marbled Duck,Marmaronetta angustirostris,marbledduckmarmaronettaangustirostris
Maroon Oriole,Oriolus traillii,maroonorioleoriolustraillii
Maroon-backed Accentor,Prunella immaculata,maroonbackedaccentorprunellaimmaculata
Marsh Babbler,Pellorneum palustre,marshbabblerpellorneumpalustre
Marsh Sandpiper,Tringa stagnatilis,marshsandpipertringastagnatilis
Marshall's Iora,Aegithina nigrolutea,marshallsioraaegithinanigrolutea
Masked Bobby,Sula dactylatra ?,maskedbobbysuladactylatra?
Masked Finfoot,Heliopais personatus,maskedfinfootheliopaispersonatus
Meadow Pipit,Anthus pratensis ?,meadowpipitanthuspratensis?
Merlin,Falco columbarius,merlinfalcocolumbarius
Mew Gull,Larus canus,mewgulllaruscanus
Mishmi Wren-babbler,Spelaeornis badeigularis,mishmiwrenbabblerspelaeornisbadeigularis
Mistle Thrush,Turdus viscivorus,mistlethrushturdusviscivorus
Mongolian Finch,Bucanetes mongolicus,mongolianfinchbucanetesmongolicus
Montagu's Harrier,Circus pygargus,montagusharriercircuspygargus
Mottled Wood-owl,Strix ocellata,mottledwoodowlstrixocellata
Mount Victoria Babax,Babax (lanceolatus) woodi,mountvictoriababaxbabax(lanceolatus)woodi
Mountain Bulbul,Hypsipetes mcclellandi,mountainbulbulhypsipetesmcclellandi
Mountain Chiffchaff,Phylloscopus sindianus,mountainchiffchaffphylloscopussindianus
Mountain Hawk-eagle,Spizaetus nipalensis,mountainhawkeaglespizaetusnipalensis
Mountain Imperial-pigeon,Ducula badia,mountainimperialpigeonduculabadia
Mountain Scops-Owl,Otus spilocephalus,mountainscopsowlotusspilocephalus
Mountain Tailorbird,Orthotomus cuculatus,mountaintailorbirdorthotomuscuculatus
Moustached Warbler,Acrocephalus melanopogon,moustachedwarbleracrocephalusmelanopogon
Mrs Gould's Sunbird,Aethopyga gouldiae,mrsgouldssunbirdaethopygagouldiae
Mrs Hume's Pheasant,Syrmaticus humiae,mrshumespheasantsyrmaticushumiae
Mute Swan,Cygnus olor ?,muteswancygnusolor?
Naga Wren-babbler,Spelaeornis chocolatinus,nagawrenbabblerspelaeornischocolatinus
Narcondam Hornbill,Aceros narcondami,narcondamhornbillacerosnarcondami
Nepal Fulvetta,Alcippe nipalensis,nepalfulvettaalcippenipalensis
Nepal House-martin,Delichon nipalense,nepalhousemartindelichonnipalense
Nepal Wren-babbler,Pnoepyga immaculata,nepalwrenbabblerpnoepygaimmaculata
Nicobar Bulbul,Hypsipetes nicobariensis,nicobarbulbulhypsipetesnicobariensis
Nicobar Flowerpecker,Dicaeum concolor,nicobarflowerpeckerdicaeumconcolor
Nicobar Imperial-pigeon,Ducula nicobarica,nicobarimperialpigeonduculanicobarica
Nicobar Jungle-flycatcher,Rhinomyias nicobaricus,nicobarjungleflycatcherrhinomyiasnicobaricus
Nicobar Megapode,Megapodius nicobariensis,nicobarmegapodemegapodiusnicobariensis
Nicobar Parakeet,Psittacula caniceps,nicobarparakeetpsittaculacaniceps
Nicobar Pigeon,Caloenas nicobarica,nicobarpigeoncaloenasnicobarica
Nicobar Scops-Owl,Otus alius,nicobarscopsowlotusalius
Nicobar Sparrowhawk,Accipiter butleri,nicobarsparrowhawkaccipiterbutleri
Nilgiri Blue Robin,Myiomela major,nilgiribluerobinmyiomelamajor
Nilgiri Flycatcher,Eumyias albicaudatus,nilgiriflycatchereumyiasalbicaudatus
Nilgiri Pipit,Anthus nilghiriensis,nilgiripipitanthusnilghiriensis
Nilgiri Thrush,Zoothera neilgherriensis,nilgirithrushzootheraneilgherriensis
Nilgiri Woodpigeon,Columba elphinstonii,nilgiriwoodpigeoncolumbaelphinstonii
Northern Goshawk,Accipiter gentilis,northerngoshawkaccipitergentilis
Northern House-martin,Delichon urbicum,northernhousemartindelichonurbicum
Northern Lapwing,Vanellus vanellus,northernlapwingvanellusvanellus
Northern Long-eared Owl,Asio otus,northernlongearedowlasiootus
Northern Pintail,Anas acuta,northernpintailanasacuta
Northern Red-flanked Bush-robin,Tarsiger cyanurus ?,northernredflankedbushrobintarsigercyanurus?
Northern Shoveler,Anas clypeata,northernshoveleranasclypeata
Olive Bulbul,Iole virescens,olivebulbuliolevirescens
Olive-backed Pipit,Anthus hodgsoni,olivebackedpipitanthushodgsoni
Olive-backed Sunbird,Cinnyris jugularis,olivebackedsunbirdcinnyrisjugularis
Orange Bullfinch,Pyrrhula aurantiaca,orangebullfinchpyrrhulaaurantiaca
Orange Minivet,Pericrocotus flammeus,orangeminivetpericrocotusflammeus
Orange-barred Leaf-warbler,Phylloscopus pulcher,orangebarredleafwarblerphylloscopuspulcher
Orange-bellied Flowerpecker,Dicaeum trigonostigma,orangebelliedflowerpeckerdicaeumtrigonostigma
Orange-bellied Leafbird,Chloropsis hardwickii,orangebelliedleafbirdchloropsishardwickii
Orange-breasted Green-pigeon,Treron bicinctus,orangebreastedgreenpigeontreronbicinctus
Orange-gorgeted Flycatcher,Ficedula strophiata,orangegorgetedflycatcherficedulastrophiata
Orange-headed Thrush,Zoothera citrina,orangeheadedthrushzootheracitrina
Oriental Bay Owl,Phodilus badius,orientalbayowlphodilusbadius
Oriental Cuckoo,Cuculus saturatus,orientalcuckoocuculussaturatus
Oriental Darter,Anhinga melanogaster,orientaldarteranhingamelanogaster
Oriental Hobby,Falco severus,orientalhobbyfalcoseverus
Oriental Honey-buzzard,Pernis ptilorhyncus,orientalhoneybuzzardpernisptilorhyncus
Oriental Magpie-robin,Copsychus saularis,orientalmagpierobincopsychussaularis
Oriental Pied Hornbill,Anthracoceros albirostris,orientalpiedhornbillanthracocerosalbirostris
Oriental Plover,Charadrius veredus,orientalplovercharadriusveredus
Oriental Pratincole,Glareola maldivarum,orientalpratincoleglareolamaldivarum
Oriental Reed-warbler,Acrocephalus orientalis,orientalreedwarbleracrocephalusorientalis
Oriental Scops-Owl,Otus sunia,orientalscopsowlotussunia
Oriental Skylark,Alauda gulgula,orientalskylarkalaudagulgula
Oriental Turtle-dove,Streptopelia orientalis,orientalturtledovestreptopeliaorientalis
Oriental White-eye,Zosterops palpebrosus,orientalwhiteeyezosteropspalpebrosus
Ortolan Bunting,Emberiza hortulana,ortolanbuntingemberizahortulana
Osprey,Pandion haliaetus,ospreypandionhaliaetus
Pacific Golden Plover,Pluvialis fulva,pacificgoldenploverpluvialisfulva
Pacific Reef-heron,Egretta sacra,pacificreefheronegrettasacra
Pacific Swift,Apus pacificus,pacificswiftapuspacificus
Paddyfield Pipit,Anthus rufulus,paddyfieldpipitanthusrufulus
Paddyfield Warbler,Acrocephalus agricola,paddyfieldwarbleracrocephalusagricola
Painted Bush-quail,Perdicula erythrorhyncha,paintedbushquailperdiculaerythrorhyncha
Painted Francolin,Francolinus pictus,paintedfrancolinfrancolinuspictus
Painted Sandgrouse,Pterocles indicus,paintedsandgrousepteroclesindicus
Painted Spurfowl,Galloperdix lunulata,paintedspurfowlgalloperdixlunulata
Painted Stork,Mycteria leucocephala,paintedstorkmycterialeucocephala
Pale Blue Flycatcher,Cyornis unicolor,paleblueflycatchercyornisunicolor
Pale Crag-martin,Ptyonoprogne obsoleta ?,palecragmartinptyonoprogneobsoleta?
Pale Sand-martin,Riparia diluta,palesandmartinripariadiluta
Pale-billed Flowerpecker,Dicaeum erythrorynchos,palebilledflowerpeckerdicaeumerythrorynchos
Pale-capped Woodpigeon,Columba punicea,palecappedwoodpigeoncolumbapunicea
Pale-chinned Flycatcher,Cyornis poliogenys,palechinnedflycatchercyornispoliogenys
Pale-footed Bush-warbler,Cettia pallidipes,palefootedbushwarblercettiapallidipes
Pale-headed Woodpecker,Gecinulus grantia,paleheadedwoodpeckergecinulusgrantia
Pale-legged Leaf-warbler,Phylloscopus tenellipes ?,paleleggedleafwarblerphylloscopustenellipes?
Pallas's Fish-eagle,Haliaeetus leucoryphus,pallassfisheaglehaliaeetusleucoryphus
Pallas's Sandgrouse,Syrrhaptes paradoxus ?,pallasssandgrousesyrrhaptesparadoxus?
Pallid Harrier,Circus macrourus,pallidharriercircusmacrourus
Pallid Scops-Owl,Otus brucei,pallidscopsowlotusbrucei
Parasitic Jaeger,Stercorarius parasiticus ?,parasiticjaegerstercorariusparasiticus?
Pectoral Sandpiper,Calidris melanotos,pectoralsandpipercalidrismelanotos
Peregrine Falcon,Falco peregrinus,peregrinefalconfalcoperegrinus
Persian Shearwater,Puffinus persicus,persianshearwaterpuffinuspersicus
Pheasant-tailed Jacana,Hydrophasianus chirurgus,pheasanttailedjacanahydrophasianuschirurgus
Pied Avocet,Recurvirostra avosetta,piedavocetrecurvirostraavosetta
Pied Bushchat,Saxicola caprata,piedbushchatsaxicolacaprata
Pied Falconet,Microhierax melanoleucos,piedfalconetmicrohieraxmelanoleucos
Pied Flycatcher-shrike,Hemipus picatus,piedflycatchershrikehemipuspicatus
Pied Ground-thrush,Zoothera wardii,piedgroundthrushzootherawardii
Pied Harrier,Circus melanoleucos,piedharriercircusmelanoleucos
Pied Imperial-pigeon,Ducula bicolor,piedimperialpigeonduculabicolor
Pied Triller,Lalage nigra,piedtrillerlalagenigra
Pied Wheatear,Oenanthe pleschanka,piedwheatearoenanthepleschanka
Pin-tailed Green-pigeon,Treron apicauda,pintailedgreenpigeontreronapicauda
Pin-tailed Sandgrouse,Pterocles alchata,pintailedsandgrousepteroclesalchata
Pine Bunting,Emberiza leucocephalus,pinebuntingemberizaleucocephalus
Pink-browed Rosefinch,Carpodacus rodochroa,pinkbrowedrosefinchcarpodacusrodochroa
Pintail Snipe,Gallinago stenura,pintailsnipegallinagostenura
Plain Flowerpecker,Dicaeum minullum,plainflowerpeckerdicaeumminullum
Plain Leaf-Warbler,Phylloscopus neglectus ?,plainleafwarblerphylloscopusneglectus?
Plain Mountain-finch,Leucosticte nemoricola,plainmountainfinchleucostictenemoricola
Plain Prinia,Prinia inornata,plainpriniapriniainornata
Plain-backed Snowfinch,Pyrgilauda blanfordi,plainbackedsnowfinchpyrgilaudablanfordi
Plain-backed Thrush,Zoothera mollissima,plainbackedthrushzootheramollissima
Plaintive Cuckoo,Cacomantis merulinus,plaintivecuckoocacomantismerulinus
Plum-headed Parakeet,Psittacula cyanocephala,plumheadedparakeetpsittaculacyanocephala
Plumbeous Water-redstart,Chaimarrornis fuliginosa,plumbeouswaterredstartchaimarrornisfuliginosa
Pomarine Jaeger,Stercorarius pomarinus,pomarinejaegerstercorariuspomarinus
Pond-heron,Ardeola grayii,pondheronardeolagrayii
Puff-throated Babbler,Pellorneum ruficeps,puffthroatedbabblerpellorneumruficeps
Purple Cochoa,Cochoa purpurea,purplecochoacochoapurpurea
Purple Heron,Ardea purpurea,purpleheronardeapurpurea
Purple Sunbird,Cinnyris asiaticus,purplesunbirdcinnyrisasiaticus
Purple Swamphen,Porphyrio (porphyrio) poliocephalus,purpleswamphenporphyrio(porphyrio)poliocephalus
Purple-rumped Sunbird,Leptocoma zeylonica,purplerumpedsunbirdleptocomazeylonica
Pygmy Blue Flycatcher,Muscicapella hodgsoni,pygmyblueflycatchermuscicapellahodgsoni
Pygmy Wren-babbler,Pnoepyga pusilla,pygmywrenbabblerpnoepygapusilla
Rain Quail,Coturnix coromandelica,rainquailcoturnixcoromandelica
Red Avadavat,Amandava amandava,redavadavatamandavaamandava
Red Collared-dove,Streptopelia tranquebarica,redcollareddovestreptopeliatranquebarica
Red Crossbill,Loxia curvirostra,redcrossbillloxiacurvirostra
Red Junglefowl,Gallus gallus,redjunglefowlgallusgallus
Red Knot,Calidris canutus,redknotcalidriscanutus
Red Phalarope,Phalaropus fulicarius,redphalaropephalaropusfulicarius
Red Spurfowl,Galloperdix spadicea,redspurfowlgalloperdixspadicea
Red-backed Shrike,Lanius collurio,redbackedshrikelaniuscollurio
Red-billed Blue Magpie,Urocissa erythrorhyncha,redbilledbluemagpieurocissaerythrorhyncha
Red-billed Chough,Pyrrhocorax pyrrhocorax,redbilledchoughpyrrhocoraxpyrrhocorax
Red-billed Leiothrix,Leiothrix lutea,redbilledleiothrixleiothrixlutea
Red-billed Tropicbird,Phaethon aethereus,redbilledtropicbirdphaethonaethereus
Red-breasted Flycatcher,Ficedula parva,redbreastedflycatcherficedulaparva
Red-breasted Merganser,Mergus serrator,redbreastedmergansermergusserrator
Red-breasted Parakeet,Psittacula alexandri,redbreastedparakeetpsittaculaalexandri
Red-browed Finch,Callacanthis burtoni,redbrowedfinchcallacanthisburtoni
Red-capped Falcon,Falco peregrinus babylonicus,redcappedfalconfalcoperegrinusbabylonicus
Red-crested Pochard,Netta rufina,redcrestedpochardnettarufina
Red-faced Liocichla,Liocichla phoenicea,redfacedliocichlaliocichlaphoenicea
Red-footed Bobby,Sula sula,redfootedbobbysulasula
Red-fronted Rosefinch,Carpodacus punicea,redfrontedrosefinchcarpodacuspunicea
Red-headed Bullfinch,Pyrrhula erythrocephala,redheadedbullfinchpyrrhulaerythrocephala
Red-headed Bunting,Emberiza bruniceps,redheadedbuntingemberizabruniceps
Red-headed Falcon,Falco (chicquera,redheadedfalconfalco(chicquera
Red-headed Laughingthrush,Trochalopteron erythrocephalum,redheadedlaughingthrushtrochalopteronerythrocephalum
Red-headed Tit,Aegithalos concinnus,redheadedtitaegithalosconcinnus
Red-headed Trogon,Harpactes erythrocephalus,redheadedtrogonharpacteserythrocephalus
Red-headed Vulture,Aegypius calvus,redheadedvultureaegypiuscalvus
Red-necked Grebe,Podiceps grisegena,redneckedgrebepodicepsgrisegena
Red-necked Phalarope,Phalaropus lobatus,redneckedphalaropephalaropuslobatus
Red-rumped Swallow,Hirundo daurica,redrumpedswallowhirundodaurica
Red-tailed Minla,Minla ignotincta,redtailedminlaminlaignotincta
Red-tailed Tropicbird,Phaethon rubricauda ?,redtailedtropicbirdphaethonrubricauda?
Red-tailed Wheatear,Oenanthe chrysopygia,redtailedwheatearoenanthechrysopygia
Red-throated Flycatcher,Ficedula albicilla,redthroatedflycatcherficedulaalbicilla
Red-throated Pipit,Anthus cervinus,redthroatedpipitanthuscervinus
Red-throated Thrush,Turdus (ruficollis) ruficollis,redthroatedthrushturdus(ruficollis)ruficollis
Red-vented Bulbul,Pynconotus cafer,redventedbulbulpynconotuscafer
Red-wattled Lapwing,Vanellus indicus,redwattledlapwingvanellusindicus
Red-whiskered Bulbul,Pynconotus jocosus,redwhiskeredbulbulpynconotusjocosus
Reed Bunting,Emberiza schoeniclus,reedbuntingemberizaschoeniclus
Richard's Pipit,Anthus richardi,richardspipitanthusrichardi
River Lapwing,Vanellus duvaucelii,riverlapwingvanellusduvaucelii
River Tern,Sterna aurantia,riverternsternaaurantia
Robin Accentor,Prunella rubeculoides,robinaccentorprunellarubeculoides
Rock Bunting,Emberiza cia,rockbuntingemberizacia
Rock Bush-quail,Perdicula argoondah,rockbushquailperdiculaargoondah
Rock Pigeon,Columba livia,rockpigeoncolumbalivia
Rock Sparrow,Petronia petronia ?,rocksparrowpetroniapetronia?
Rook,Corvus frugilegus,rookcorvusfrugilegus
Rose-ringed Parakeet,Psittacula krameri,roseringedparakeetpsittaculakrameri
Roseate Tern,Sterna dougallii,roseateternsternadougallii
Rosy Minivet,Pericrocotus roseus,rosyminivetpericrocotusroseus
Rosy Pipit,Anthus roseatus,rosypipitanthusroseatus
Rosy Starling,Sturnus roseus,rosystarlingsturnusroseus
Rosy-headed Parakeet,Psittacula roseata,rosyheadedparakeetpsittacularoseata
Ruby-cheeked Sunbird,Chalcoparia singalensis,rubycheekedsunbirdchalcopariasingalensis
Ruddy Kingfisher,Halcyon coromanda,ruddykingfisherhalcyoncoromanda
Ruddy Shelduck,Tadorna ferruginea,ruddyshelducktadornaferruginea
Ruddy Turnstone,Arenaria interpres,ruddyturnstonearenariainterpres
Ruddy-breasted Crake,Porzana fusca,ruddybreastedcrakeporzanafusca
Rufescent Prinia,Prinia rufescens,rufescentpriniapriniarufescens
Ruff,Philomachus pugnax,ruffphilomachuspugnax
Rufous Babbler,Turdoides subrufa,rufousbabblerturdoidessubrufa
Rufous Sibia,Heterophasia capistrata,rufoussibiaheterophasiacapistrata
Rufous Treepie,Dendrocitta vagabunda,rufoustreepiedendrocittavagabunda
Rufous Woodpecker,Micropternus brachyurus,rufouswoodpeckermicropternusbrachyurus
Rufous-backed Dwarf Kingfisher,Ceyx rufidorsa ?,rufousbackeddwarfkingfisherceyxrufidorsa?
Rufous-backed Sibia,Heterophasia annectans,rufousbackedsibiaheterophasiaannectans
Rufous-bellied Eagle,Hieraaetus kienerii,rufousbelliedeaglehieraaetuskienerii
Rufous-bellied Niltava,Niltava sundara,rufousbelliedniltavaniltavasundara
Rufous-bellied Woodpecker,Hypopicus hyperythrus,rufousbelliedwoodpeckerhypopicushyperythrus
Rufous-breasted Accentor,Prunella strophiata,rufousbreastedaccentorprunellastrophiata
Rufous-breasted Bush-robin,Tarsiger hyperythrus,rufousbreastedbushrobintarsigerhyperythrus
Rufous-capped Babbler,Stachyris ruficeps,rufouscappedbabblerstachyrisruficeps
Rufous-chinned Laughingthrush,Ianthocincla rufogularis,rufouschinnedlaughingthrushianthocinclarufogularis
Rufous-faced Warbler,Abroscopus albogularis,rufousfacedwarblerabroscopusalbogularis
Rufous-fronted Babbler,Stachyris rufifrons,rufousfrontedbabblerstachyrisrufifrons
Rufous-fronted Prinia,Prinia buchanani,rufousfrontedpriniapriniabuchanani
Rufous-fronted Tit,Aegithalos iouschistos,rufousfrontedtitaegithalosiouschistos
Rufous-naped Tit,Parus rufonuchalis,rufousnapedtitparusrufonuchalis
Rufous-necked Hornbill,Aceros nipalensis,rufousneckedhornbillacerosnipalensis
Rufous-necked Laughingthrush,Dryonastes ruficollis,rufousneckedlaughingthrushdryonastesruficollis
Rufous-necked Snowfinch,Pyrgilauda ruficollis,rufousneckedsnowfinchpyrgilaudaruficollis
Rufous-necked Stint,Calidris ruficollis,rufousneckedstintcalidrisruficollis
Rufous-rumped Grassbird,Graminicola bengalensis,rufousrumpedgrassbirdgraminicolabengalensis
Rufous-tailed Lark,Ammomanes pheonicura,rufoustailedlarkammomanespheonicura
Rufous-tailed Rock-thrush,Monticola saxatilis,rufoustailedrockthrushmonticolasaxatilis
Rufous-tailed Scrub-robin,Cercotrichas galactotes,rufoustailedscrubrobincercotrichasgalactotes
Rufous-throated Fulvetta,Alcippe rufogularis,rufousthroatedfulvettaalcipperufogularis
Rufous-throated Hill-partridge,Arborophila rufogularis,rufousthroatedhillpartridgearborophilarufogularis
Rufous-throated Wren-babbler,Spelaeornis caudatus,rufousthroatedwrenbabblerspelaeorniscaudatus
Rufous-vented Laughingthrush,Dryonastes gularis,rufousventedlaughingthrushdryonastesgularis
Rufous-vented Prinia,Prinia burnesii,rufousventedpriniapriniaburnesii
Rufous-vented Tit,Parus rubidiventris,rufousventedtitparusrubidiventris
Rufous-vented Yuhina,Yuhina occipitalis,rufousventedyuhinayuhinaoccipitalis
Rufous-winged Fulvetta,Alcippe castaneceps,rufouswingedfulvettaalcippecastaneceps
Russet Bush-warbler,Bradypterus mandelli,russetbushwarblerbradypterusmandelli
Rusty-bellied Shortwing,Brachypteryx hyperythra,rustybelliedshortwingbrachypteryxhyperythra
Rusty-capped Fulvetta,Alcippe dubia,rustycappedfulvettaalcippedubia
Rusty-cheeked Scimitar-babbler,Pomatorhinus erythrogenys,rustycheekedscimitarbabblerpomatorhinuserythrogenys
Rusty-flanked Treecreeper,Certhia nipalensis,rustyflankedtreecreepercerthianipalensis
Rusty-fronted Barwing,Actinodura egertoni,rustyfrontedbarwingactinoduraegertoni
Rusty-rumped Warbler,Locustella certhiola,rustyrumpedwarblerlocustellacerthiola
Rusty-tailed Flycatcher,Muscicapa ruficauda,rustytailedflycatchermuscicaparuficauda
Saker Falcon,Falco cherrug,sakerfalconfalcocherrug
Sand Lark,Calandrella raytal,sandlarkcalandrellaraytal
Sanderling,Calidris alba,sanderlingcalidrisalba
Sandwich Tern,Thalasseus sandvicensis,sandwichternthalasseussandvicensis
Sapphire Flycatcher,Ficedula sapphira,sapphireflycatcherficedulasapphira
Sarus Crane,Grus antigone,saruscranegrusantigone
Satyr Tragopan,Tragopan satyra,satyrtragopantragopansatyra
Saunders's Tern,Sterna saundersi,saunderssternsternasaundersi
Savanna Nightjar,Caprimulgus affinis,savannanightjarcaprimulgusaffinis
Scaly Laughingthrush,Trochalopteron subunicolor,scalylaughingthrushtrochalopteronsubunicolor
Scaly-bellied Woodpecker,Picus squamatus,scalybelliedwoodpeckerpicussquamatus
Scaly-breasted Munia,Lonchura punctulata,scalybreastedmunialonchurapunctulata
Scaly-breasted Wren-babbler,Pnoepyga albiventer,scalybreastedwrenbabblerpnoepygaalbiventer
Scarlet Finch,Haematospiza sipahi,scarletfinchhaematospizasipahi
Scarlet Minivet,Pericrocotus specious,scarletminivetpericrocotusspecious
Scarlet-backed Flowerpecker,Dicaeum cruentatum,scarletbackedflowerpeckerdicaeumcruentatum
Scimitar-babbler,Pomatorhinus (schisticeps) (horsfieldii,scimitarbabblerpomatorhinus(schisticeps)(horsfieldii
Sclater's Monal,Lophophorus sclateri,sclatersmonallophophorussclateri
Shikra,Accipiter badius,shikraaccipiterbadius
Short-billed Minivet,Pericrocotus brevirostris,shortbilledminivetpericrocotusbrevirostris
Short-eared Owl,Asio flammeus,shortearedowlasioflammeus
Short-toed Eagle,Circaetus gallicus,shorttoedeaglecircaetusgallicus
Siberian Blue Robin,Luscinia cyane,siberianbluerobinlusciniacyane
Siberian Chiffchaff,Phylloscopus (collybita) tristis,siberianchiffchaffphylloscopus(collybita)tristis
Siberian Crane,Grus leucogeranus ?,siberiancranegrusleucogeranus?
Siberian Rubythroat,Luscinia calliope,siberianrubythroatlusciniacalliope
Siberian Thrush,Zoothera sibirica,siberianthrushzootherasibirica
Sikkim Wedge-billed Babbler,Sphenocichla humei,sikkimwedgebilledbabblersphenocichlahumei
Silver-backed Needletail,Hirundapus cochinchinensis,silverbackedneedletailhirundapuscochinchinensis
Silver-breasted Broadbill,Serilophus lunatus,silverbreastedbroadbillserilophuslunatus
Silver-eared Mesia Leiothrix,Leiothrix argentauris,silverearedmesialeiothrixleiothrixargentauris
Sind Pied Woodpecker,Dendrocopos assimilis,sindpiedwoodpeckerdendrocoposassimilis
Sind Sparrow,Passer pyrrhonotus,sindsparrowpasserpyrrhonotus
Singing Bushlark,Mirafra cantillans,singingbushlarkmirafracantillans
Sirkeer Malkoha,Taccocua leschenaultii,sirkeermalkohataccocualeschenaultii
Slaty-backed Flycatcher,Ficedula hodgsonii,slatybackedflycatcherficedulahodgsonii
Slaty-backed Forktail,Enicurus schistaceus,slatybackedforktailenicurusschistaceus
Slaty-bellied Tesia,Tesia olivea,slatybelliedtesiatesiaolivea
Slaty-blue Flycatcher,Ficedula tricolor,slatyblueflycatcherficedulatricolor
Slaty-breasted Rail,Rallus striatus,slatybreastedrailrallusstriatus
Slaty-legged Crake,Rallina eurizonoides,slatyleggedcrakerallinaeurizonoides
Slender-billed Babbler,Turdoides longirostris,slenderbilledbabblerturdoideslongirostris
Slender-billed Gull,Larus genei,slenderbilledgulllarusgenei
Slender-billed Oriole,Oriolus tenuirostris,slenderbilledorioleoriolustenuirostris
Slender-billed Scimitar-babbler,Xiphirhynchus superciliaris,slenderbilledscimitarbabblerxiphirhynchussuperciliaris
Slender-billed Vulture,Gyps tenuirostris,slenderbilledvulturegypstenuirostris
Small Buttonquail,Turnix sylvaticus,smallbuttonquailturnixsylvaticus
Small Cuckoo,Cuculus poliocephalus,smallcuckoocuculuspoliocephalus
Small Minivet,Pericrocotus cinnamomeus,smallminivetpericrocotuscinnamomeus
Small Niltava,Niltava macgrigoriae,smallniltavaniltavamacgrigoriae
Small Pratincole,Glareola lactea,smallpratincoleglareolalactea
Small Sunbird,Leptocoma minima,smallsunbirdleptocomaminima
Small-billed Scaly Thrush,Zoothera dauma,smallbilledscalythrushzootheradauma
Smew,Mergellus albellus,smewmergellusalbellus
Smoky Leaf-warbler,Phylloscopus fuligiventer,smokyleafwarblerphylloscopusfuligiventer
Snow Partridge,Lerwa lerwa,snowpartridgelerwalerwa
Snow Pigeon,Columba leuconota,snowpigeoncolumbaleuconota
Snowy-browed Flycatcher,Ficedula hyperythra,snowybrowedflycatcherficedulahyperythra
Snowy-throated Babbler,Stachyris oglei,snowythroatedbabblerstachyrisoglei
Sociable Plover,Vanellus gregarius,sociableplovervanellusgregarius
Solitary Snipe,Gallinago solitaria,solitarysnipegallinagosolitaria
Song Thrush,Turdus philomelos,songthrushturdusphilomelos
Sooty Gull,Larus hemprichii ?,sootygulllarushemprichii?
Sooty Tern,Sterna fuscata,sootyternsternafuscata
South Polar Skua,Catharacta maccormicki ?,southpolarskuacatharactamaccormicki?
Southern Coucal,Centropus (sinensis) parroti,southerncoucalcentropus(sinensis)parroti
Southern Grey Shrike,Lanius meridionalis,southerngreyshrikelaniusmeridionalis
Spanish Sparrow,Passer hispaniolensis,spanishsparrowpasserhispaniolensis
Speckled Piculet,Picumnus innominatus,speckledpiculetpicumnusinnominatus
Speckled Woodpigeon,Columba hodgsonii,speckledwoodpigeoncolumbahodgsonii
Spoon-billed Sandpiper,Eurynorhynchus pygmeus,spoonbilledsandpipereurynorhynchuspygmeus
Spot-billed Duck,Anas poecilorhyncha,spotbilledduckanaspoecilorhyncha
Spot-billed Pelican,Pelecanus philippensis,spotbilledpelicanpelecanusphilippensis
Spot-breasted Laughingthrush,Stactocichla merulina,spotbreastedlaughingthrushstactocichlamerulina
Spot-breasted Parrotbill,Paradoxornis guttaticollis,spotbreastedparrotbillparadoxornisguttaticollis
Spot-breasted Pied Woodpecker,Dendrocopos analis,spotbreastedpiedwoodpeckerdendrocoposanalis
Spot-breasted Scimitar-babbler,Pomatorhinus erythrocnemis,spotbreastedscimitarbabblerpomatorhinuserythrocnemis
Spot-throated Babbler,Pellorneum albiventre,spotthroatedbabblerpellorneumalbiventre
Spot-winged Grosbeak,Mycerobas melanozanthos,spotwingedgrosbeakmycerobasmelanozanthos
Spot-winged Rosefinch,Carpodacus rodopeplus,spotwingedrosefinchcarpodacusrodopeplus
Spot-winged Starling,Saroglossa spiloptera,spotwingedstarlingsaroglossaspiloptera
Spot-winged Tit,Parus melanolophus,spotwingedtitparusmelanolophus
Spotted Bush-warbler,Bradypterus thoracicus,spottedbushwarblerbradypterusthoracicus
Spotted Crake,Porzana porzana,spottedcrakeporzanaporzana
Spotted Creeper,Salpornis spilonotus,spottedcreepersalpornisspilonotus
Spotted Dove,Streptopelia chinensis,spotteddovestreptopeliachinensis
Spotted Eagle,Aquila hastata,spottedeagleaquilahastata
Spotted Flycatcher,Muscicapa striata,spottedflycatchermuscicapastriata
Spotted Forktail,Enicurus maculatus,spottedforktailenicurusmaculatus
Spotted Great Rosefinch,Carpodacus severtzovi,spottedgreatrosefinchcarpodacussevertzovi
Spotted Greenshank,Tringa guttifer,spottedgreenshanktringaguttifer
Spotted Laughingthrush,Ianthocincla ocellata,spottedlaughingthrushianthocinclaocellata
Spotted Nutcracker,Nucifraga caryocatactes,spottednutcrackernucifragacaryocatactes
Spotted Owl,Athene brama,spottedowlathenebrama
Spotted Redshank,Tringa erythropus,spottedredshanktringaerythropus
Spotted Sandgrouse,Pterocles senegallus,spottedsandgrousepteroclessenegallus
Spotted Wren-babbler,Spelaeornis formosus,spottedwrenbabblerspelaeornisformosus
Square-tailed Black Bulbul,Hypsipetes ganeesa,squaretailedblackbulbulhypsipetesganeesa
Square-tailed Drongo Cuckoo,Surniculus lugubris,squaretaileddrongocuckoosurniculuslugubris
Steak-breasted Woodpecker,Picus viridanus,steakbreastedwoodpeckerpicusviridanus
Steak-throated Woodpecker,Picus xanthopygaeus,steakthroatedwoodpeckerpicusxanthopygaeus
Steppe Eagle,Aquila nipalensis,steppeeagleaquilanipalensis
Steppe Gull,Larus heuglini' barabensis,steppegulllarusheuglinibarabensis
Stone-curlew,Burhinus indicus,stonecurlewburhinusindicus
Stork-billed Kingfisher,Pelargopsis capensis,storkbilledkingfisherpelargopsiscapensis
Streak-breasted Scimitar-babbler,Pomatorhinus ruficollis,streakbreastedscimitarbabblerpomatorhinusruficollis
Streak-throated Barwing,Actinodura waldeni,streakthroatedbarwingactinodurawaldeni
Streak-throated Swallow,Hirundo fluvicola,streakthroatedswallowhirundofluvicola
Streaked Great Rosefinch,Carpodacus rubicilloides,streakedgreatrosefinchcarpodacusrubicilloides
Streaked Laughingthrush,Trochalopteron lineatum,streakedlaughingthrushtrochalopteronlineatum
Streaked Shearwater,Calonectris leucomelas,streakedshearwatercalonectrisleucomelas
Streaked Spiderhunter,Arachnothera magna,streakedspiderhunterarachnotheramagna
Streaked Weaver,Ploceus manyar,streakedweaverploceusmanyar
Streaked Wren-babbler,Napothera brevicaudata,streakedwrenbabblernapotherabrevicaudata
Striated Babbler,Turdoides earlei,striatedbabblerturdoidesearlei
Striated Bulbul,Pynconotus striatus,striatedbulbulpynconotusstriatus
Striated Grassbird,Megalurus palustris,striatedgrassbirdmegaluruspalustris
Striated Heron,Butorides striata,striatedheronbutoridesstriata
Striated Laughingthrush,Grammatoptila striata,striatedlaughingthrushgrammatoptilastriata
Striated Prinia,Prinia crinigera,striatedpriniapriniacrinigera
Striated Swallow,Hirundo striolata,striatedswallowhirundostriolata
Striated Yuhina,Staphida castaniceps,striatedyuhinastaphidacastaniceps
Striolated Bunting,Emberiza striolata,striolatedbuntingemberizastriolata
Stripe-breasted Pied Woodpecker,Dendrocopos atratus,stripebreastedpiedwoodpeckerdendrocoposatratus
Stripe-throated Yuhina,Yuhina gularis,stripethroatedyuhinayuhinagularis
Striped Laughingthrush,Trochalopteron virgatum,stripedlaughingthrushtrochalopteronvirgatum
Striped Tit-babbler,Macronous gularis,stripedtitbabblermacronousgularis
Strong-footed Bush-warbler,Cettia fortipes,strongfootedbushwarblercettiafortipes
Sulphur-bellied Warbler,Phylloscopus griseolus,sulphurbelliedwarblerphylloscopusgriseolus
Sultan Tit,Melanochlora sultanea,sultantitmelanochlorasultanea
Swamp Francolin,Francolinus gularis,swampfrancolinfrancolinusgularis
Swamp Prinia,Prinia cinerascens,swamppriniapriniacinerascens
Swinhoe's Snipe,Gallinago megala,swinhoessnipegallinagomegala
Swinhoe's Storm-petrel,Oceanodroma monorhis ?,swinhoesstormpetreloceanodromamonorhis?
Syke's Nightjar,Caprimulgus mahrattensis,sykesnightjarcaprimulgusmahrattensis
Sykes's Lark,Galerida deva,sykesslarkgaleridadeva
Sykes's Warbler,Hippolais rama,sykesswarblerhippolaisrama
Tawny Eagle,Aquila rapax,tawnyeagleaquilarapax
Tawny Fish-owl,Ketupa flavipes,tawnyfishowlketupaflavipes
Tawny Pipit,Anthus campestris,tawnypipitanthuscampestris
Tawny Wood-owl,Strix aluco,tawnywoodowlstrixaluco
Tawny-bellied Babbler,Dumetia hyperythra,tawnybelliedbabblerdumetiahyperythra
Tawny-breasted Wren-babbler,Spelaeornis longicaudatus,tawnybreastedwrenbabblerspelaeornislongicaudatus
Temminck's Stint,Calidris temminckii,temmincksstintcalidristemminckii
Temminck's Tragopan,Tragopan temminckii,temminckstragopantragopantemminckii
Terek Sandpiper,Xenus cinereus,tereksandpiperxenuscinereus
Thick-billed Flowerpecker,Dicaeum agile,thickbilledflowerpeckerdicaeumagile
Thick-billed Green-pigeon,Treron curvirostra,thickbilledgreenpigeontreroncurvirostra
Thick-billed Reed-warbler,Acrocephalus aedon,thickbilledreedwarbleracrocephalusaedon
Tibetan Blackbird,Turdus maximus,tibetanblackbirdturdusmaximus
Tibetan Lark,Melanocorypha maxima,tibetanlarkmelanocoryphamaxima
Tibetan Partridge,Perdix hodgsoniae,tibetanpartridgeperdixhodgsoniae
Tibetan Sandgrouse,Syrrhaptes tibetanus,tibetansandgrousesyrrhaptestibetanus
Tibetan Siskin,Carduelis thibetana,tibetansiskincarduelisthibetana
Tibetan Snowcock,Tetraogallus tibetanus,tibetansnowcocktetraogallustibetanus
Tickell's Blue Flycatcher,Cyornis tickelliae,tickellsblueflycatchercyornistickelliae
Tickell's Leaf-warbler,Phylloscopus affinis,tickellsleafwarblerphylloscopusaffinis
Tickell's Thrush,Turdus unicolor,tickellsthrushturdusunicolor
Tree Pipit,Anthus trivialis,treepipitanthustrivialis
Tricoloured Munia,Lonchura malacca,tricolouredmunialonchuramalacca
Trumpeter Finch,Bucanetes githagineus,trumpeterfinchbucanetesgithagineus
Tufted Duck,Aythya fuligula,tuftedduckaythyafuligula
Twite,Acanthis flavirostris ?,twiteacanthisflavirostris?
Tytler's Leaf-warbler,Phylloscopus tytleri,tytlersleafwarblerphylloscopustytleri
Ultramarine Flycatcher,Ficedula superciliaris,ultramarineflycatcherficedulasuperciliaris
Upland Buzzard,Buteo hemilasius,uplandbuzzardbuteohemilasius
Upland Pipit,Anthus sylvanus,uplandpipitanthussylvanus
Van Hasselt's Sunbird,Leptocoma brasiliana,vanhasseltssunbirdleptocomabrasiliana
Variable Wheatear,Oenanthe picata,variablewheatearoenanthepicata
Variegated Laughingthrush,Trochalopteron variegatum,variegatedlaughingthrushtrochalopteronvariegatum
Velvet-fronted Nuthatch,Sitta frontalis,velvetfrontednuthatchsittafrontalis
Verditer Flycatcher,Eumyias thalassinus,verditerflycatchereumyiasthalassinus
Vernal Hanging Parrot,Loriculus vernalis,vernalhangingparrotloriculusvernalis
Vigors's Sunbird,Aethopyga vigorsii,vigorsssunbirdaethopygavigorsii
Vinaceous Rosefinch,Carpodacus vinaceus,vinaceousrosefinchcarpodacusvinaceus
Violet Cuckoo,Chrysococcyx xanthorhynchus,violetcuckoochrysococcyxxanthorhynchus
Vivid Niltava,Niltava (vivida) oatesi,vividniltavaniltava(vivida)oatesi
Wallcreeper,Tichodroma muraria,wallcreepertichodromamuraria
Ward's Trogon,Harpactes wardi,wardstrogonharpacteswardi
Water Pipit,Anthus spinoletta,waterpipitanthusspinoletta
Watercock,Gallicrex cinerea,watercockgallicrexcinerea
Wedge-tailed Green-pigeon,Treron sphenurus,wedgetailedgreenpigeontreronsphenurus
Wedge-tailed Shearwater,Puffinus pacificus,wedgetailedshearwaterpuffinuspacificus
Western Black-tailed Godwit,Limosa limosa,westernblacktailedgodwitlimosalimosa
Western Crowned Warbler,Phylloscopus occipitalis,westerncrownedwarblerphylloscopusoccipitalis
Western Marsh Harrier,Circus aeruginosus,westernmarshharriercircusaeruginosus
Western Reef-heron,Egretta gularis,westernreefheronegrettagularis
Western Tragopan,Tragopan melanocephalus,westerntragopantragopanmelanocephalus
Western Yellow Wagtail,Motacilla flava,westernyellowwagtailmotacillaflava
Whimbrel,Numenius phaeopus,whimbrelnumeniusphaeopus
Whiskered Tern,Chlidonias hybrida,whiskeredternchlidoniashybrida
Whiskered Tern,Chlidonias hybrida,whiskeredternchlidoniashybrida
Whiskered Yuhina,Yuhina flavicollis,whiskeredyuhinayuhinaflavicollis
Whistler's Warbler,Seicercus whistleri,whistlerswarblerseicercuswhistleri
Whistling Hawk-cuckoo,Hierococcyx nisicolor,whistlinghawkcuckoohierococcyxnisicolor
White Stork,Ciconia ciconia,whitestorkciconiaciconia
White Tern,Gygis alba ?,whiteterngygisalba?
White Wagtail,Motacilla alba,whitewagtailmotacillaalba
White-bellied Blue Flycatcher,Cyornis pallipes,whitebelliedblueflycatchercyornispallipes
White-bellied Blue Robin,Myiomela albiventris,whitebelliedbluerobinmyiomelaalbiventris
White-bellied Drongo,Dicrurus caerulescens,whitebellieddrongodicruruscaerulescens
White-bellied Erpornis,Erpornis zantholeuca,whitebelliederporniserporniszantholeuca
White-bellied Heron,Ardea insignis,whitebelliedheronardeainsignis
White-bellied Minivet,Pericrocotus erythropygius,whitebelliedminivetpericrocotuserythropygius
White-bellied Sea-eagle,Haliaeetus leucogaster,whitebelliedseaeaglehaliaeetusleucogaster
White-bellied Swiftlet,Collocalia esculenta,whitebelliedswiftletcollocaliaesculenta
White-bellied Treepie,Dendrocitta leucogastra,whitebelliedtreepiedendrocittaleucogastra
White-bellied Woodpecker,Dryocopus javensis,whitebelliedwoodpeckerdryocopusjavensis
White-breasted Waterhen,Amaurornis phoenicurus,whitebreastedwaterhenamaurornisphoenicurus
White-breasted Woodswallow,Artamus leucorynchus,whitebreastedwoodswallowartamusleucorynchus
White-browed Bulbul,Pynconotus luteolus,whitebrowedbulbulpynconotusluteolus
White-browed Bush-robin,Tarsiger indicus,whitebrowedbushrobintarsigerindicus
White-browed Bushchat,Saxicola macrorhynchus,whitebrowedbushchatsaxicolamacrorhynchus
White-browed Fantail,Rhipidura aureola,whitebrowedfantailrhipiduraaureola
White-browed Fulvetta,Alcippe vinipectus,whitebrowedfulvettaalcippevinipectus
White-browed Laughingthrush,Dryonastes sannio,whitebrowedlaughingthrushdryonastessannio
White-browed Piculet,Sasia ochracea,whitebrowedpiculetsasiaochracea
White-browed Scimitar-babbler,Pomatorhinus schisticeps,whitebrowedscimitarbabblerpomatorhinusschisticeps
White-browed Shortwing,Brachypteryx montana,whitebrowedshortwingbrachypteryxmontana
White-browed Shrike-babbler,Pteruthius flaviscapis,whitebrowedshrikebabblerpteruthiusflaviscapis
White-browed Tit-warbler,Leptopoecile sophiae,whitebrowedtitwarblerleptopoecilesophiae
White-browed Wagtail,Motacilla maderaspatensis,whitebrowedwagtailmotacillamaderaspatensis
White-capped Bunting,Emberiza stewarti,whitecappedbuntingemberizastewarti
White-capped River-chat,Chaimarrornis leucocephalus,whitecappedriverchatchaimarrornisleucocephalus
White-cheeked Barbet,Megalaima viridis,whitecheekedbarbetmegalaimaviridis
White-cheeked Hill-partridge,Arborophila atrogularis,whitecheekedhillpartridgearborophilaatrogularis
White-cheeked Nuthatch,Sitta leucopsis,whitecheekednuthatchsittaleucopsis
White-cheeked Tern,Sterna repressa,whitecheekedternsternarepressa
White-collared Blackbird,Turdus albocinctus,whitecollaredblackbirdturdusalbocinctus
White-crested Laughingthrush,Garrulax leucolophus,whitecrestedlaughingthrushgarrulaxleucolophus
White-crowned Forktail,Enicurus leschenaulti,whitecrownedforktailenicurusleschenaulti
White-crowned Penduline Tit,Remiz coronatus,whitecrownedpendulinetitremizcoronatus
White-eared Bulbul,Pynconotus leucotis,whiteearedbulbulpynconotusleucotis
White-eyed Buzzard,Butastur teesa,whiteeyedbuzzardbutasturteesa
White-gorgeted Flycatcher,Ficedula monileger,whitegorgetedflycatcherficedulamonileger
White-headed Duck,Oxyura leucocephala,whiteheadedduckoxyuraleucocephala
White-naped Flameback,Chrysocolaptes festivus,whitenapedflamebackchrysocolaptesfestivus
White-naped Tit,Parus nuchalis,whitenapedtitparusnuchalis
White-naped Yuhina,Yuhina bakeri,whitenapedyuhinayuhinabakeri
White-rumped Munia,Lonchura striata,whiterumpedmunialonchurastriata
White-rumped Shama,Copsychus malabaricus,whiterumpedshamacopsychusmalabaricus
White-rumped Snowfinch,Onychostruthus taczanowskii,whiterumpedsnowfinchonychostruthustaczanowskii
White-rumped Vulture,Gyps bengalensis,whiterumpedvulturegypsbengalensis
White-spectacled Warbler,Seicercus affinis,whitespectacledwarblerseicercusaffinis
White-spotted Fantail,Rhipidura albogularis,whitespottedfantailrhipiduraalbogularis
White-tailed Blue Flycatcher,Cyornis concretus,whitetailedblueflycatchercyornisconcretus
White-tailed Blue Robin,Myiomela leucura,whitetailedbluerobinmyiomelaleucura
White-tailed Bushchat,Saxicola leucurus,whitetailedbushchatsaxicolaleucurus
White-tailed Eagle,Haliaeetus albicilla,whitetailedeaglehaliaeetusalbicilla
White-tailed Lapwing,Vanellus leucurus,whitetailedlapwingvanellusleucurus
White-tailed Nuthatch,Sitta himalayensis,whitetailednuthatchsittahimalayensis
White-tailed Tropicbird,Phaethon lepturus,whitetailedtropicbirdphaethonlepturus
White-throated Brown Hornbill,Ptilolaemus austeni,whitethroatedbrownhornbillptilolaemusausteni
White-throated Bulbul,Alophoixus flaveolus,whitethroatedbulbulalophoixusflaveolus
White-throated Bushchat,Saxicola insignis,whitethroatedbushchatsaxicolainsignis
White-throated Dipper,Cinclus cinclus,whitethroateddippercincluscinclus
White-throated Fantail,Rhipidura albicollis,whitethroatedfantailrhipiduraalbicollis
White-throated Kingfisher,Halcyon smyrnensis,whitethroatedkingfisherhalcyonsmyrnensis
White-throated Laughingthrush,Garrulax albogularis,whitethroatedlaughingthrushgarrulaxalbogularis
White-throated Needletail,Hirundapus caudatus,whitethroatedneedletailhirundapuscaudatus
White-throated Redstart,Phoenicurus schisticeps,whitethroatedredstartphoenicurusschisticeps
White-throated Tit,Aegithalos niveogularis,whitethroatedtitaegithalosniveogularis
White-vented Myna,Acridotheres grandis,whiteventedmynaacridotheresgrandis
White-winged Duck,Asarcornis scutulata,whitewingedduckasarcornisscutulata
White-winged Grosbeak,Mycerobas carnipes,whitewingedgrosbeakmycerobascarnipes
White-winged Redstart,Phoenicurus erythrogastus,whitewingedredstartphoenicuruserythrogastus
White-winged Tern,Chlidonias leucopterus,whitewingedternchlidoniasleucopterus
Whooper Swan,Cygnus cygnus ?,whooperswancygnuscygnus?
Wilson's Storm-petrel,Oceanites oceanicus,wilsonsstormpetreloceanitesoceanicus
Winter Wren,Troglodytes troglodytes,winterwrentroglodytestroglodytes
Wire-tailed Swallow,Hirundo smithii,wiretailedswallowhirundosmithii
Wood Sandpiper,Tringa glareola,woodsandpipertringaglareola
Wood Snipe,Gallinago nemoricola,woodsnipegallinagonemoricola
Wooly-necked Stork,Ciconia episcopus,woolyneckedstorkciconiaepiscopus
Wreathed Hornbill,Aceros undulatus,wreathedhornbillacerosundulatus
Wynaad Laughingthrush,Dryonastes delesserti,wynaadlaughingthrushdryonastesdelesserti
Yellow Bittern,Ixobrychus sinensis,yellowbitternixobrychussinensis
Yellow-belied Prinia,Prinia flaviventris,yellowbeliedpriniapriniaflaviventris
Yellow-bellied Fantail,Rhipidura hypoxantha,yellowbelliedfantailrhipidurahypoxantha
Yellow-bellied Flowerpecker,Dicaeum melanoxanthum,yellowbelliedflowerpeckerdicaeummelanoxanthum
Yellow-bellied Warbler,Abroscopus superciliaris,yellowbelliedwarblerabroscopussuperciliaris
Yellow-billed Babbler,Turdoides affinis,yellowbilledbabblerturdoidesaffinis
Yellow-billed Blue Magpie,Urocissa flavirostris,yellowbilledbluemagpieurocissaflavirostris
Yellow-billed Chough,Pyrrhocorax graculus,yellowbilledchoughpyrrhocoraxgraculus
Yellow-breasted Bunting,Emberiza aureola,yellowbreastedbuntingemberizaaureola
Yellow-browed Bulbul,Iole indica,yellowbrowedbulbulioleindica
Yellow-browed Leaf-warbler,Phylloscopus inornatus,yellowbrowedleafwarblerphylloscopusinornatus
Yellow-browed Tesia,Tesia cyaniventer,yellowbrowedtesiatesiacyaniventer
Yellow-browed Tit,Sylviparus modestus,yellowbrowedtitsylviparusmodestus
Yellow-eyed Babbler,Chrysomma sinense,yelloweyedbabblerchrysommasinense
Yellow-eyed Pigeon,Columba eversmanni,yelloweyedpigeoncolumbaeversmanni
Yellow-footed Green-pigeon,Treron phoenicopterus,yellowfootedgreenpigeontreronphoenicopterus
Yellow-fronted Pied Woodpecker,Dendrocopos mahrattensis,yellowfrontedpiedwoodpeckerdendrocoposmahrattensis
Yellow-legged Buttonquail,Turnix tanki,yellowleggedbuttonquailturnixtanki
Yellow-rumped Flycatcher,Ficedula zanthopygia,yellowrumpedflycatcherficedulazanthopygia
Yellow-rumped Honeyguide,Indicator xanthonotus,yellowrumpedhoneyguideindicatorxanthonotus
Yellow-throated Bulbul,Pynconotus xantholaemus,yellowthroatedbulbulpynconotusxantholaemus
Yellow-throated Fulvetta,Alcippe cinerea,yellowthroatedfulvettaalcippecinerea
Yellow-throated Laughingthrush,Dryonastes galbanus,yellowthroatedlaughingthrushdryonastesgalbanus
Yellow-throated Sparrow,Petronia xanthocollis,yellowthroatedsparrowpetroniaxanthocollis
Yellow-vented Flowerpecker,Dicaeum chrysorrheum,yellowventedflowerpeckerdicaeumchrysorrheum
Yellow-vented Warbler,Phylloscopus canator,yellowventedwarblerphylloscopuscanator
Yellow-wattled Lapwing,Vanellus malabaricus,yellowwattledlapwingvanellusmalabaricus
Yellowhammer,Emberiza citrinella ?,yellowhammeremberizacitrinella?
Zitting Cisticola,Cisticola juncidis,zittingcisticolacisticolajuncidis
